Timestamp, Sequence Number, SubPoint Number, Vertix Number, Comment, X, Y, Intended X, Intended Y, Scan Velocity, Laser State, Laser Rep. Rate, Spot Type, Spot Size, Spot Angle, MFC1, MFC2, Cell Pressure, Fluence At Sample
2018-02-20 11:49:08.726,1,1,,NIST612_1,68290,62335,,,,Off,0,Manual: B,40,0,0,0,0,
2018-02-20 11:49:08.726,,,,,68290,62335,,,0,Off,0,Manual: B,40,0,0,0,0,
2018-02-20 11:49:08.726,,,,,68290,62335,68290,62335,,Off,0,Manual: B,40,0,0,0,0,
2018-02-20 11:49:08.744,,,,,68290,62335,,,,On,10,Manual: B,40,0,0,0,0,
2018-02-20 11:49:38.866,,,,,68290,62335,,,,Off,0,Manual: B,40,0,0,0,0,
2018-02-20 11:50:18.977,2,1,,NIST610_1,69639,30319,,,,Off,0,Manual: B,35,0,0,0,0,
2018-02-20 11:50:18.977,,,,,69639,30319,,,0,Off,0,Manual: B,35,0,0,0,0,
2018-02-20 11:50:18.977,,,,,69639,30319,69639,30319,,Off,0,Manual: B,35,0,0,0,0,
2018-02-20 11:50:18.977,,,,,69639,30319,,,,On,10,Manual: B,35,0,0,0,0,
2018-02-20 11:50:49.022,,,,,69639,30319,,,,Off,0,Manual: B,35,0,0,0,0,
2018-02-20 11:51:29.135,3,1,,NIST610_2,69699,30265,,,,Off,0,Manual: B,35,0,0,0,0,
2018-02-20 11:51:29.135,,,,,69699,30265,,,0,Off,0,Manual: B,35,0,0,0,0,
2018-02-20 11:51:29.135,,,,,69699,30265,69699,30265,,Off,0,Manual: B,35,0,0,0,0,
2018-02-20 11:51:29.135,,,,,69699,30265,,,,On,10,Manual: B,35,0,0,0,0,
2018-02-20 11:51:59.175,,,,,69699,30265,,,,Off,0,Manual: B,35,0,0,0,0,
2018-02-20 11:52:39.308,4,1,,NIST612_2,68363,62335,,,,Off,0,Manual: B,40,0,0,0,0,
2018-02-20 11:52:39.308,,,,,68363,62335,,,0,Off,0,Manual: B,40,0,0,0,0,
2018-02-20 11:52:39.308,,,,,68363,62335,68363,62335,,Off,0,Manual: B,40,0,0,0,0,
2018-02-20 11:52:39.308,,,,,68363,62335,,,,On,10,Manual: B,40,0,0,0,0,
2018-02-20 11:53:09.345,,,,,68363,62335,,,,Off,0,Manual: B,40,0,0,0,0,
2018-02-20 11:53:49.449,5,1,,BT_main_1,47553,66705,,,,Off,0,Manual: B,20,0,0,0,0,
2018-02-20 11:53:49.449,,,,,47553,66705,,,0,Off,0,Manual: B,20,0,0,0,0,
2018-02-20 11:53:49.449,,,,,47553,66705,47553,66705,,Off,0,Manual: B,20,0,0,0,0,
2018-02-20 11:53:49.449,,,,,47553,66705,,,,On,10,Manual: B,20,0,0,0,0,
2018-02-20 11:54:19.499,,,,,47553,66705,,,,Off,0,Manual: B,20,0,0,0,0,
2018-02-20 11:54:59.877,6,1,,BT_main_2,47533,66721,,,,Off,0,Manual: B,20,0,0,0,0,
2018-02-20 11:54:59.877,,,,,47533,66721,,,0,Off,0,Manual: B,20,0,0,0,0,
2018-02-20 11:54:59.877,,,,,47533,66721,47533,66721,,Off,0,Manual: B,20,0,0,0,0,
2018-02-20 11:54:59.878,,,,,47533,66721,,,,On,10,Manual: B,20,0,0,0,0,
2018-02-20 11:55:29.937,,,,,47533,66721,,,,Off,0,Manual: B,20,0,0,0,0,
2018-02-20 11:56:10.051,7,1,,BT_main_3,47513,66735,,,,Off,0,Manual: B,20,0,0,0,0,
2018-02-20 11:56:10.051,,,,,47513,66735,,,0,Off,0,Manual: B,20,0,0,0,0,
2018-02-20 11:56:10.051,,,,,47513,66735,47513,66735,,Off,0,Manual: B,20,0,0,0,0,
2018-02-20 11:56:10.051,,,,,47513,66735,,,,On,10,Manual: B,20,0,0,0,0,
2018-02-20 11:56:40.091,,,,,47513,66735,,,,Off,0,Manual: B,20,0,0,0,0,
2018-02-20 11:57:20.208,8,1,,BT_main_4,47493,66751,,,,Off,0,Manual: B,20,0,0,0,0,
2018-02-20 11:57:20.208,,,,,47493,66751,,,0,Off,0,Manual: B,20,0,0,0,0,
2018-02-20 11:57:20.208,,,,,47493,66751,47493,66751,,Off,0,Manual: B,20,0,0,0,0,
2018-02-20 11:57:20.208,,,,,47493,66751,,,,On,10,Manual: B,20,0,0,0,0,
2018-02-20 11:57:50.271,,,,,47493,66751,,,,Off,0,Manual: B,20,0,0,0,0,
2018-02-20 11:58:30.365,9,1,,BT_main_5,47473,66766,,,,Off,0,Manual: B,20,0,0,0,0,
2018-02-20 11:58:30.365,,,,,47473,66766,,,0,Off,0,Manual: B,20,0,0,0,0,
2018-02-20 11:58:30.365,,,,,47473,66766,47473,66766,,Off,0,Manual: B,20,0,0,0,0,
2018-02-20 11:58:30.365,,,,,47473,66766,,,,On,10,Manual: B,20,0,0,0,0,
2018-02-20 11:59:00.442,,,,,47473,66766,,,,Off,0,Manual: B,20,0,0,0,0,
2018-02-20 11:59:40.553,10,1,,BT_main_6,47453,66781,,,,Off,0,Manual: B,20,0,0,0,0,
2018-02-20 11:59:40.553,,,,,47453,66781,,,0,Off,0,Manual: B,20,0,0,0,0,
2018-02-20 11:59:40.553,,,,,47453,66781,47453,66781,,Off,0,Manual: B,20,0,0,0,0,
2018-02-20 11:59:40.553,,,,,47453,66781,,,,On,10,Manual: B,20,0,0,0,0,
2018-02-20 12:00:10.615,,,,,47453,66781,,,,Off,0,Manual: B,20,0,0,0,0,
2018-02-20 12:00:50.774,11,1,,NIST610_3,69748,30321,,,,Off,0,Manual: B,35,0,0,0,0,
2018-02-20 12:00:50.774,,,,,69748,30321,,,0,Off,0,Manual: B,35,0,0,0,0,
2018-02-20 12:00:50.774,,,,,69748,30321,69748,30321,,Off,0,Manual: B,35,0,0,0,0,
2018-02-20 12:00:50.774,,,,,69748,30321,,,,On,10,Manual: B,35,0,0,0,0,
2018-02-20 12:01:21.082,,,,,69748,30321,,,,Off,0,Manual: B,35,0,0,0,0,
2018-02-20 12:02:01.220,12,1,,NIST612_3,68435,62335,,,,Off,0,Manual: B,40,0,0,0,0,
2018-02-20 12:02:01.220,,,,,68435,62335,,,0,Off,0,Manual: B,40,0,0,0,0,
2018-02-20 12:02:01.220,,,,,68435,62335,68435,62335,,Off,0,Manual: B,40,0,0,0,0,
2018-02-20 12:02:01.220,,,,,68435,62335,,,,On,10,Manual: B,40,0,0,0,0,
2018-02-20 12:02:31.259,,,,,68435,62335,,,,Off,0,Manual: B,40,0,0,0,0,
2018-02-20 12:03:11.472,13,1,,BT_main_7,47435,66796,,,,Off,0,Manual: B,20,0,0,0,0,
2018-02-20 12:03:11.472,,,,,47435,66796,,,0,Off,0,Manual: B,20,0,0,0,0,
2018-02-20 12:03:11.472,,,,,47435,66796,47435,66796,,Off,0,Manual: B,20,0,0,0,0,
2018-02-20 12:03:11.472,,,,,47435,66796,,,,On,10,Manual: B,20,0,0,0,0,
2018-02-20 12:03:41.543,,,,,47435,66796,,,,Off,0,Manual: B,20,0,0,0,0,
2018-02-20 12:04:21.661,14,1,,BT_main_8,47414,66811,,,,Off,0,Manual: B,20,0,0,0,0,
2018-02-20 12:04:21.661,,,,,47414,66811,,,0,Off,0,Manual: B,20,0,0,0,0,
2018-02-20 12:04:21.661,,,,,47414,66811,47414,66811,,Off,0,Manual: B,20,0,0,0,0,
2018-02-20 12:04:21.661,,,,,47414,66811,,,,On,10,Manual: B,20,0,0,0,0,
2018-02-20 12:04:52.017,,,,,47414,66811,,,,Off,0,Manual: B,20,0,0,0,0,
2018-02-20 12:05:32.138,15,1,,BT_main_9,47395,66828,,,,Off,0,Manual: B,20,0,0,0,0,
2018-02-20 12:05:32.138,,,,,47395,66828,,,0,Off,0,Manual: B,20,0,0,0,0,
2018-02-20 12:05:32.138,,,,,47395,66828,47395,66828,,Off,0,Manual: B,20,0,0,0,0,
2018-02-20 12:05:32.138,,,,,47395,66828,,,,On,10,Manual: B,20,0,0,0,0,
2018-02-20 12:06:02.270,,,,,47395,66828,,,,Off,0,Manual: B,20,0,0,0,0,
2018-02-20 12:06:42.376,16,1,,BT_main_10,47373,66843,,,,Off,0,Manual: B,20,0,0,0,0,
2018-02-20 12:06:42.376,,,,,47373,66843,,,0,Off,0,Manual: B,20,0,0,0,0,
2018-02-20 12:06:42.376,,,,,47373,66843,47373,66843,,Off,0,Manual: B,20,0,0,0,0,
2018-02-20 12:06:42.376,,,,,47373,66843,,,,On,10,Manual: B,20,0,0,0,0,
2018-02-20 12:07:12.458,,,,,47373,66843,,,,Off,0,Manual: B,20,0,0,0,0,
2018-02-20 12:07:52.596,17,1,,BT_main_11,47355,66857,,,,Off,0,Manual: B,20,0,0,0,0,
2018-02-20 12:07:52.596,,,,,47355,66857,,,0,Off,0,Manual: B,20,0,0,0,0,
2018-02-20 12:07:52.596,,,,,47355,66857,47355,66857,,Off,0,Manual: B,20,0,0,0,0,
2018-02-20 12:07:52.596,,,,,47355,66857,,,,On,10,Manual: B,20,0,0,0,0,
2018-02-20 12:08:22.637,,,,,47355,66857,,,,Off,0,Manual: B,20,0,0,0,0,
2018-02-20 12:09:02.737,18,1,,BT_main_12,47335,66873,,,,Off,0,Manual: B,20,0,0,0,0,
2018-02-20 12:09:02.737,,,,,47335,66873,,,0,Off,0,Manual: B,20,0,0,0,0,
2018-02-20 12:09:02.737,,,,,47335,66873,47335,66873,,Off,0,Manual: B,20,0,0,0,0,
2018-02-20 12:09:02.737,,,,,47335,66873,,,,On,10,Manual: B,20,0,0,0,0,
2018-02-20 12:09:32.775,,,,,47335,66873,,,,Off,0,Manual: B,20,0,0,0,0,
2018-02-20 12:10:12.879,19,1,,NIST610_4,69806,30265,,,,Off,0,Manual: B,35,0,0,0,0,
2018-02-20 12:10:12.879,,,,,69806,30265,,,0,Off,0,Manual: B,35,0,0,0,0,
2018-02-20 12:10:12.879,,,,,69806,30265,69806,30265,,Off,0,Manual: B,35,0,0,0,0,
2018-02-20 12:10:12.879,,,,,69806,30265,,,,On,10,Manual: B,35,0,0,0,0,
2018-02-20 12:10:42.976,,,,,69806,30265,,,,Off,0,Manual: B,35,0,0,0,0,
2018-02-20 12:11:23.131,20,1,,NIST612_4,68506,62336,,,,Off,0,Manual: B,40,0,0,0,0,
2018-02-20 12:11:23.131,,,,,68506,62336,,,0,Off,0,Manual: B,40,0,0,0,0,
2018-02-20 12:11:23.131,,,,,68506,62336,68506,62336,,Off,0,Manual: B,40,0,0,0,0,
2018-02-20 12:11:23.131,,,,,68506,62336,,,,On,10,Manual: B,40,0,0,0,0,
2018-02-20 12:11:53.176,,,,,68506,62336,,,,Off,0,Manual: B,40,0,0,0,0,
2018-02-20 12:12:33.352,21,1,,BT_main_13,47315,66886,,,,Off,0,Manual: B,20,0,0,0,0,
2018-02-20 12:12:33.352,,,,,47315,66886,,,0,Off,0,Manual: B,20,0,0,0,0,
2018-02-20 12:12:33.352,,,,,47315,66886,47315,66886,,Off,0,Manual: B,20,0,0,0,0,
2018-02-20 12:12:33.352,,,,,47315,66886,,,,On,10,Manual: B,20,0,0,0,0,
2018-02-20 12:13:03.394,,,,,47315,66886,,,,Off,0,Manual: B,20,0,0,0,0,
2018-02-20 12:13:43.504,22,1,,BT_main_14,47294,66903,,,,Off,0,Manual: B,20,0,0,0,0,
2018-02-20 12:13:43.504,,,,,47294,66903,,,0,Off,0,Manual: B,20,0,0,0,0,
2018-02-20 12:13:43.504,,,,,47294,66903,47294,66903,,Off,0,Manual: B,20,0,0,0,0,
2018-02-20 12:13:43.504,,,,,47294,66903,,,,On,10,Manual: B,20,0,0,0,0,
2018-02-20 12:14:13.592,,,,,47294,66903,,,,Off,0,Manual: B,20,0,0,0,0,
2018-02-20 12:14:53.745,23,1,,BT_main_15,47275,66917,,,,Off,0,Manual: B,20,0,0,0,0,
2018-02-20 12:14:53.745,,,,,47275,66917,,,0,Off,0,Manual: B,20,0,0,0,0,
2018-02-20 12:14:53.745,,,,,47275,66917,47275,66917,,Off,0,Manual: B,20,0,0,0,0,
2018-02-20 12:14:53.745,,,,,47275,66917,,,,On,10,Manual: B,20,0,0,0,0,
2018-02-20 12:15:23.785,,,,,47275,66917,,,,Off,0,Manual: B,20,0,0,0,0,
2018-02-20 12:16:03.886,24,1,,BT_main_16,47255,66933,,,,Off,0,Manual: B,20,0,0,0,0,
2018-02-20 12:16:03.886,,,,,47255,66933,,,0,Off,0,Manual: B,20,0,0,0,0,
2018-02-20 12:16:03.886,,,,,47255,66933,47255,66933,,Off,0,Manual: B,20,0,0,0,0,
2018-02-20 12:16:03.886,,,,,47255,66933,,,,On,10,Manual: B,20,0,0,0,0,
2018-02-20 12:16:33.931,,,,,47255,66933,,,,Off,0,Manual: B,20,0,0,0,0,
2018-02-20 12:17:14.283,25,1,,BT_main_17,47236,66949,,,,Off,0,Manual: B,20,0,0,0,0,
2018-02-20 12:17:14.283,,,,,47236,66949,,,0,Off,0,Manual: B,20,0,0,0,0,
2018-02-20 12:17:14.283,,,,,47236,66949,47236,66949,,Off,0,Manual: B,20,0,0,0,0,
2018-02-20 12:17:14.283,,,,,47236,66949,,,,On,10,Manual: B,20,0,0,0,0,
2018-02-20 12:17:44.346,,,,,47236,66949,,,,Off,0,Manual: B,20,0,0,0,0,
2018-02-20 12:18:24.441,26,1,,BT_main_18,47215,66963,,,,Off,0,Manual: B,20,0,0,0,0,
2018-02-20 12:18:24.441,,,,,47215,66963,,,0,Off,0,Manual: B,20,0,0,0,0,
2018-02-20 12:18:24.441,,,,,47215,66963,47215,66963,,Off,0,Manual: B,20,0,0,0,0,
2018-02-20 12:18:24.441,,,,,47215,66963,,,,On,10,Manual: B,20,0,0,0,0,
2018-02-20 12:18:54.521,,,,,47215,66963,,,,Off,0,Manual: B,20,0,0,0,0,
2018-02-20 12:19:34.629,27,1,,NIST610_5,69855,30320,,,,Off,0,Manual: B,35,0,0,0,0,
2018-02-20 12:19:34.629,,,,,69855,30320,,,0,Off,0,Manual: B,35,0,0,0,0,
2018-02-20 12:19:34.629,,,,,69855,30320,69855,30320,,Off,0,Manual: B,35,0,0,0,0,
2018-02-20 12:19:34.629,,,,,69855,30320,,,,On,10,Manual: B,35,0,0,0,0,
2018-02-20 12:20:04.717,,,,,69855,30320,,,,Off,0,Manual: B,35,0,0,0,0,
2018-02-20 12:20:44.834,28,1,,NIST612_5,68579,62335,,,,Off,0,Manual: B,40,0,0,0,0,
2018-02-20 12:20:44.834,,,,,68579,62335,,,0,Off,0,Manual: B,40,0,0,0,0,
2018-02-20 12:20:44.834,,,,,68579,62335,68579,62335,,Off,0,Manual: B,40,0,0,0,0,
2018-02-20 12:20:44.834,,,,,68579,62335,,,,On,10,Manual: B,40,0,0,0,0,
2018-02-20 12:21:14.873,,,,,68579,62335,,,,Off,0,Manual: B,40,0,0,0,0,
2018-02-20 12:21:54.992,29,1,,BT_main_19,47196,66979,,,,Off,0,Manual: B,20,0,0,0,0,
2018-02-20 12:21:54.992,,,,,47196,66979,,,0,Off,0,Manual: B,20,0,0,0,0,
2018-02-20 12:21:54.992,,,,,47196,66979,47196,66979,,Off,0,Manual: B,20,0,0,0,0,
2018-02-20 12:21:54.992,,,,,47196,66979,,,,On,10,Manual: B,20,0,0,0,0,
2018-02-20 12:22:25.079,,,,,47196,66979,,,,Off,0,Manual: B,20,0,0,0,0,
2018-02-20 12:23:05.197,30,1,,BT_main_20,47176,66994,,,,Off,0,Manual: B,20,0,0,0,0,
2018-02-20 12:23:05.197,,,,,47176,66994,,,0,Off,0,Manual: B,20,0,0,0,0,
2018-02-20 12:23:05.197,,,,,47176,66994,47176,66994,,Off,0,Manual: B,20,0,0,0,0,
2018-02-20 12:23:05.197,,,,,47176,66994,,,,On,10,Manual: B,20,0,0,0,0,
2018-02-20 12:23:35.236,,,,,47176,66994,,,,Off,0,Manual: B,20,0,0,0,0,
2018-02-20 12:24:15.338,31,1,,BT_main_21,47156,67010,,,,Off,0,Manual: B,20,0,0,0,0,
2018-02-20 12:24:15.338,,,,,47156,67010,,,0,Off,0,Manual: B,20,0,0,0,0,
2018-02-20 12:24:15.338,,,,,47156,67010,47156,67010,,Off,0,Manual: B,20,0,0,0,0,
2018-02-20 12:24:15.338,,,,,47156,67010,,,,On,10,Manual: B,20,0,0,0,0,
2018-02-20 12:24:45.380,,,,,47156,67010,,,,Off,0,Manual: B,20,0,0,0,0,
2018-02-20 12:25:25.480,32,1,,BT_main_22,47136,67024,,,,Off,0,Manual: B,20,0,0,0,0,
2018-02-20 12:25:25.480,,,,,47136,67024,,,0,Off,0,Manual: B,20,0,0,0,0,
2018-02-20 12:25:25.480,,,,,47136,67024,47136,67024,,Off,0,Manual: B,20,0,0,0,0,
2018-02-20 12:25:25.480,,,,,47136,67024,,,,On,10,Manual: B,20,0,0,0,0,
2018-02-20 12:25:55.519,,,,,47136,67024,,,,Off,0,Manual: B,20,0,0,0,0,
2018-02-20 12:26:35.620,33,1,,BT_main_23,47116,67040,,,,Off,0,Manual: B,20,0,0,0,0,
2018-02-20 12:26:35.620,,,,,47116,67040,,,0,Off,0,Manual: B,20,0,0,0,0,
2018-02-20 12:26:35.620,,,,,47116,67040,47116,67040,,Off,0,Manual: B,20,0,0,0,0,
2018-02-20 12:26:35.620,,,,,47116,67040,,,,On,10,Manual: B,20,0,0,0,0,
2018-02-20 12:27:05.656,,,,,47116,67040,,,,Off,0,Manual: B,20,0,0,0,0,
2018-02-20 12:27:46.017,34,1,,BT_main_24,47096,67055,,,,Off,0,Manual: B,20,0,0,0,0,
2018-02-20 12:27:46.017,,,,,47096,67055,,,0,Off,0,Manual: B,20,0,0,0,0,
2018-02-20 12:27:46.017,,,,,47096,67055,47096,67055,,Off,0,Manual: B,20,0,0,0,0,
2018-02-20 12:27:46.017,,,,,47096,67055,,,,On,10,Manual: B,20,0,0,0,0,
2018-02-20 12:28:16.060,,,,,47096,67055,,,,Off,0,Manual: B,20,0,0,0,0,
2018-02-20 12:28:56.207,35,1,,NIST610_6,69919,30264,,,,Off,0,Manual: B,35,0,0,0,0,
2018-02-20 12:28:56.207,,,,,69919,30264,,,0,Off,0,Manual: B,35,0,0,0,0,
2018-02-20 12:28:56.207,,,,,69919,30264,69919,30264,,Off,0,Manual: B,35,0,0,0,0,
2018-02-20 12:28:56.207,,,,,69919,30264,,,,On,10,Manual: B,35,0,0,0,0,
2018-02-20 12:29:26.283,,,,,69919,30264,,,,Off,0,Manual: B,35,0,0,0,0,
2018-02-20 12:30:06.443,36,1,,NIST612_6,68651,62335,,,,Off,0,Manual: B,40,0,0,0,0,
2018-02-20 12:30:06.443,,,,,68651,62335,,,0,Off,0,Manual: B,40,0,0,0,0,
2018-02-20 12:30:06.443,,,,,68651,62335,68651,62335,,Off,0,Manual: B,40,0,0,0,0,
2018-02-20 12:30:06.443,,,,,68651,62335,,,,On,10,Manual: B,40,0,0,0,0,
2018-02-20 12:30:36.482,,,,,68651,62335,,,,Off,0,Manual: B,40,0,0,0,0,
2018-02-20 12:31:16.601,37,1,,BT_main_25,47075,67070,,,,Off,0,Manual: B,20,0,0,0,0,
2018-02-20 12:31:16.601,,,,,47075,67070,,,0,Off,0,Manual: B,20,0,0,0,0,
2018-02-20 12:31:16.601,,,,,47075,67070,47075,67070,,Off,0,Manual: B,20,0,0,0,0,
2018-02-20 12:31:16.601,,,,,47075,67070,,,,On,10,Manual: B,20,0,0,0,0,
2018-02-20 12:31:46.680,,,,,47075,67070,,,,Off,0,Manual: B,20,0,0,0,0,
2018-02-20 12:32:26.886,38,1,,BT_main_26,47056,67084,,,,Off,0,Manual: B,20,0,0,0,0,
2018-02-20 12:32:26.886,,,,,47056,67084,,,0,Off,0,Manual: B,20,0,0,0,0,
2018-02-20 12:32:26.886,,,,,47056,67084,47056,67084,,Off,0,Manual: B,20,0,0,0,0,
2018-02-20 12:32:26.886,,,,,47056,67084,,,,On,10,Manual: B,20,0,0,0,0,
2018-02-20 12:32:56.924,,,,,47056,67084,,,,Off,0,Manual: B,20,0,0,0,0,
2018-02-20 12:33:37.027,39,1,,BT_main_27,47036,67101,,,,Off,0,Manual: B,20,0,0,0,0,
2018-02-20 12:33:37.027,,,,,47036,67101,,,0,Off,0,Manual: B,20,0,0,0,0,
2018-02-20 12:33:37.027,,,,,47036,67101,47036,67101,,Off,0,Manual: B,20,0,0,0,0,
2018-02-20 12:33:37.027,,,,,47036,67101,,,,On,10,Manual: B,20,0,0,0,0,
2018-02-20 12:34:07.254,,,,,47036,67101,,,,Off,0,Manual: B,20,0,0,0,0,
2018-02-20 12:34:47.361,40,1,,BT_main_28,47017,67116,,,,Off,0,Manual: B,20,0,0,0,0,
2018-02-20 12:34:47.361,,,,,47017,67116,,,0,Off,0,Manual: B,20,0,0,0,0,
2018-02-20 12:34:47.361,,,,,47017,67116,47017,67116,,Off,0,Manual: B,20,0,0,0,0,
2018-02-20 12:34:47.361,,,,,47017,67116,,,,On,10,Manual: B,20,0,0,0,0,
2018-02-20 12:35:17.403,,,,,47017,67116,,,,Off,0,Manual: B,20,0,0,0,0,
2018-02-20 12:35:57.806,41,1,,BT_main_29,46977,67145,,,,Off,0,Manual: B,20,0,0,0,0,
2018-02-20 12:35:57.806,,,,,46977,67145,,,0,Off,0,Manual: B,20,0,0,0,0,
2018-02-20 12:35:57.806,,,,,46977,67145,46977,67145,,Off,0,Manual: B,20,0,0,0,0,
2018-02-20 12:35:57.806,,,,,46977,67145,,,,On,10,Manual: B,20,0,0,0,0,
2018-02-20 12:36:27.889,,,,,46977,67145,,,,Off,0,Manual: B,20,0,0,0,0,
2018-02-20 12:37:08.012,42,1,,BT_main_30,46956,67161,,,,Off,0,Manual: B,20,0,0,0,0,
2018-02-20 12:37:08.012,,,,,46956,67161,,,0,Off,0,Manual: B,20,0,0,0,0,
2018-02-20 12:37:08.012,,,,,46956,67161,46956,67161,,Off,0,Manual: B,20,0,0,0,0,
2018-02-20 12:37:08.012,,,,,46956,67161,,,,On,10,Manual: B,20,0,0,0,0,
2018-02-20 12:37:38.190,,,,,46956,67161,,,,Off,0,Manual: B,20,0,0,0,0,
2018-02-20 12:38:18.296,43,1,,NIST610_7,69959,30319,,,,Off,0,Manual: B,35,0,0,0,0,
2018-02-20 12:38:18.296,,,,,69959,30319,,,0,Off,0,Manual: B,35,0,0,0,0,
2018-02-20 12:38:18.296,,,,,69959,30319,69959,30319,,Off,0,Manual: B,35,0,0,0,0,
2018-02-20 12:38:18.296,,,,,69959,30319,,,,On,10,Manual: B,35,0,0,0,0,
2018-02-20 12:38:48.332,,,,,69959,30319,,,,Off,0,Manual: B,35,0,0,0,0,
2018-02-20 12:39:28.725,44,1,,NIST612_7,68725,62338,,,,Off,0,Manual: B,40,0,0,0,0,
2018-02-20 12:39:28.725,,,,,68725,62338,,,0,Off,0,Manual: B,40,0,0,0,0,
2018-02-20 12:39:28.725,,,,,68725,62338,68725,62338,,Off,0,Manual: B,40,0,0,0,0,
2018-02-20 12:39:28.725,,,,,68725,62338,,,,On,10,Manual: B,40,0,0,0,0,
2018-02-20 12:39:58.808,,,,,68725,62338,,,,Off,0,Manual: B,40,0,0,0,0,
2018-02-20 12:40:38.929,45,1,,BT_main_31,46936,67176,,,,Off,0,Manual: B,20,0,0,0,0,
2018-02-20 12:40:38.929,,,,,46936,67176,,,0,Off,0,Manual: B,20,0,0,0,0,
2018-02-20 12:40:38.929,,,,,46936,67176,46936,67176,,Off,0,Manual: B,20,0,0,0,0,
2018-02-20 12:40:38.929,,,,,46936,67176,,,,On,10,Manual: B,20,0,0,0,0,
2018-02-20 12:41:09.002,,,,,46936,67176,,,,Off,0,Manual: B,20,0,0,0,0,
2018-02-20 12:41:49.103,46,1,,BT_main_32,46917,67190,,,,Off,0,Manual: B,20,0,0,0,0,
2018-02-20 12:41:49.103,,,,,46917,67190,,,0,Off,0,Manual: B,20,0,0,0,0,
2018-02-20 12:41:49.103,,,,,46917,67190,46917,67190,,Off,0,Manual: B,20,0,0,0,0,
2018-02-20 12:41:49.103,,,,,46917,67190,,,,On,10,Manual: B,20,0,0,0,0,
2018-02-20 12:42:19.151,,,,,46917,67190,,,,Off,0,Manual: B,20,0,0,0,0,
2018-02-20 12:42:59.275,47,1,,BT_main_33,46897,67206,,,,Off,0,Manual: B,20,0,0,0,0,
2018-02-20 12:42:59.275,,,,,46897,67206,,,0,Off,0,Manual: B,20,0,0,0,0,
2018-02-20 12:42:59.275,,,,,46897,67206,46897,67206,,Off,0,Manual: B,20,0,0,0,0,
2018-02-20 12:42:59.275,,,,,46897,67206,,,,On,10,Manual: B,20,0,0,0,0,
2018-02-20 12:43:29.352,,,,,46897,67206,,,,Off,0,Manual: B,20,0,0,0,0,
2018-02-20 12:44:09.507,48,1,,BT_main_34,46878,67221,,,,Off,0,Manual: B,20,0,0,0,0,
2018-02-20 12:44:09.507,,,,,46878,67221,,,0,Off,0,Manual: B,20,0,0,0,0,
2018-02-20 12:44:09.507,,,,,46878,67221,46878,67221,,Off,0,Manual: B,20,0,0,0,0,
2018-02-20 12:44:09.507,,,,,46878,67221,,,,On,10,Manual: B,20,0,0,0,0,
2018-02-20 12:44:39.542,,,,,46878,67221,,,,Off,0,Manual: B,20,0,0,0,0,
2018-02-20 12:45:19.725,49,1,,BT_main_35,46856,67238,,,,Off,0,Manual: B,20,0,0,0,0,
2018-02-20 12:45:19.725,,,,,46856,67238,,,0,Off,0,Manual: B,20,0,0,0,0,
2018-02-20 12:45:19.725,,,,,46856,67238,46856,67238,,Off,0,Manual: B,20,0,0,0,0,
2018-02-20 12:45:19.725,,,,,46856,67238,,,,On,10,Manual: B,20,0,0,0,0,
2018-02-20 12:45:49.945,,,,,46856,67238,,,,Off,0,Manual: B,20,0,0,0,0,
2018-02-20 12:46:30.132,50,1,,BT_main_36,46838,67253,,,,Off,0,Manual: B,20,0,0,0,0,
2018-02-20 12:46:30.132,,,,,46838,67253,,,0,Off,0,Manual: B,20,0,0,0,0,
2018-02-20 12:46:30.132,,,,,46838,67253,46838,67253,,Off,0,Manual: B,20,0,0,0,0,
2018-02-20 12:46:30.132,,,,,46838,67253,,,,On,10,Manual: B,20,0,0,0,0,
2018-02-20 12:47:00.171,,,,,46838,67253,,,,Off,0,Manual: B,20,0,0,0,0,
2018-02-20 12:47:40.528,51,1,,BT_main_37,46818,67265,,,,Off,0,Manual: B,20,0,0,0,0,
2018-02-20 12:47:40.528,,,,,46818,67265,,,0,Off,0,Manual: B,20,0,0,0,0,
2018-02-20 12:47:40.528,,,,,46818,67265,46818,67265,,Off,0,Manual: B,20,0,0,0,0,
2018-02-20 12:47:40.528,,,,,46818,67265,,,,On,10,Manual: B,20,0,0,0,0,
2018-02-20 12:48:10.572,,,,,46818,67265,,,,Off,0,Manual: B,20,0,0,0,0,
2018-02-20 12:48:50.733,52,1,,NIST610_8,70013,30264,,,,Off,0,Manual: B,35,0,0,0,0,
2018-02-20 12:48:50.733,,,,,70013,30264,,,0,Off,0,Manual: B,35,0,0,0,0,
2018-02-20 12:48:50.733,,,,,70013,30264,70013,30264,,Off,0,Manual: B,35,0,0,0,0,
2018-02-20 12:48:50.733,,,,,70013,30264,,,,On,10,Manual: B,35,0,0,0,0,
2018-02-20 12:49:20.775,,,,,70013,30264,,,,Off,0,Manual: B,35,0,0,0,0,
2018-02-20 12:50:00.890,53,1,,NIST612_8,68794,62334,,,,Off,0,Manual: B,40,0,0,0,0,
2018-02-20 12:50:00.890,,,,,68794,62334,,,0,Off,0,Manual: B,40,0,0,0,0,
2018-02-20 12:50:00.890,,,,,68794,62334,68794,62334,,Off,0,Manual: B,40,0,0,0,0,
2018-02-20 12:50:00.890,,,,,68794,62334,,,,On,10,Manual: B,40,0,0,0,0,
2018-02-20 12:50:30.967,,,,,68794,62334,,,,Off,0,Manual: B,40,0,0,0,0,
2018-02-20 12:51:11.079,54,1,,BT_main_38,46798,67281,,,,Off,0,Manual: B,20,0,0,0,0,
2018-02-20 12:51:11.079,,,,,46798,67281,,,0,Off,0,Manual: B,20,0,0,0,0,
2018-02-20 12:51:11.079,,,,,46798,67281,46798,67281,,Off,0,Manual: B,20,0,0,0,0,
2018-02-20 12:51:11.079,,,,,46798,67281,,,,On,10,Manual: B,20,0,0,0,0,
2018-02-20 12:51:41.146,,,,,46798,67281,,,,Off,0,Manual: B,20,0,0,0,0,
2018-02-20 12:52:21.252,55,1,,BT_main_39,46778,67295,,,,Off,0,Manual: B,20,0,0,0,0,
2018-02-20 12:52:21.252,,,,,46778,67295,,,0,Off,0,Manual: B,20,0,0,0,0,
2018-02-20 12:52:21.252,,,,,46778,67295,46778,67295,,Off,0,Manual: B,20,0,0,0,0,
2018-02-20 12:52:21.252,,,,,46778,67295,,,,On,10,Manual: B,20,0,0,0,0,
2018-02-20 12:52:51.311,,,,,46778,67295,,,,Off,0,Manual: B,20,0,0,0,0,
2018-02-20 12:53:31.539,56,1,,BT_main_40,46758,67314,,,,Off,0,Manual: B,20,0,0,0,0,
2018-02-20 12:53:31.539,,,,,46758,67314,,,0,Off,0,Manual: B,20,0,0,0,0,
2018-02-20 12:53:31.539,,,,,46758,67314,46758,67314,,Off,0,Manual: B,20,0,0,0,0,
2018-02-20 12:53:31.539,,,,,46758,67314,,,,On,10,Manual: B,20,0,0,0,0,
2018-02-20 12:54:01.590,,,,,46758,67314,,,,Off,0,Manual: B,20,0,0,0,0,
2018-02-20 12:54:41.679,57,1,,BT_main_41,46738,67328,,,,Off,0,Manual: B,20,0,0,0,0,
2018-02-20 12:54:41.679,,,,,46738,67328,,,0,Off,0,Manual: B,20,0,0,0,0,
2018-02-20 12:54:41.679,,,,,46738,67328,46738,67328,,Off,0,Manual: B,20,0,0,0,0,
2018-02-20 12:54:41.679,,,,,46738,67328,,,,On,10,Manual: B,20,0,0,0,0,
2018-02-20 12:55:11.727,,,,,46738,67328,,,,Off,0,Manual: B,20,0,0,0,0,
2018-02-20 12:55:51.853,58,1,,BT_main_42,46716,67344,,,,Off,0,Manual: B,20,0,0,0,0,
2018-02-20 12:55:51.853,,,,,46716,67344,,,0,Off,0,Manual: B,20,0,0,0,0,
2018-02-20 12:55:51.853,,,,,46716,67344,46716,67344,,Off,0,Manual: B,20,0,0,0,0,
2018-02-20 12:55:51.853,,,,,46716,67344,,,,On,10,Manual: B,20,0,0,0,0,
2018-02-20 12:56:21.960,,,,,46716,67344,,,,Off,0,Manual: B,20,0,0,0,0,
2018-02-20 12:57:02.089,59,1,,BT_main_43,46699,67359,,,,Off,0,Manual: B,20,0,0,0,0,
2018-02-20 12:57:02.089,,,,,46699,67359,,,0,Off,0,Manual: B,20,0,0,0,0,
2018-02-20 12:57:02.089,,,,,46699,67359,46699,67359,,Off,0,Manual: B,20,0,0,0,0,
2018-02-20 12:57:02.089,,,,,46699,67359,,,,On,10,Manual: B,20,0,0,0,0,
2018-02-20 12:57:32.128,,,,,46699,67359,,,,Off,0,Manual: B,20,0,0,0,0,
2018-02-20 12:58:12.215,60,1,,BT_main_44,46679,67374,,,,Off,0,Manual: B,20,0,0,0,0,
2018-02-20 12:58:12.215,,,,,46679,67374,,,0,Off,0,Manual: B,20,0,0,0,0,
2018-02-20 12:58:12.215,,,,,46679,67374,46679,67374,,Off,0,Manual: B,20,0,0,0,0,
2018-02-20 12:58:12.215,,,,,46679,67374,,,,On,10,Manual: B,20,0,0,0,0,
2018-02-20 12:58:42.255,,,,,46679,67374,,,,Off,0,Manual: B,20,0,0,0,0,
2018-02-20 12:59:22.339,61,1,,NIST610_9,70061,30319,,,,Off,0,Manual: B,35,0,0,0,0,
2018-02-20 12:59:22.339,,,,,70061,30319,,,0,Off,0,Manual: B,35,0,0,0,0,
2018-02-20 12:59:22.339,,,,,70061,30319,70061,30319,,Off,0,Manual: B,35,0,0,0,0,
2018-02-20 12:59:22.339,,,,,70061,30319,,,,On,10,Manual: B,35,0,0,0,0,
2018-02-20 12:59:52.407,,,,,70061,30319,,,,Off,0,Manual: B,35,0,0,0,0,
2018-02-20 13:00:32.513,62,1,,NIST612_9,68860,62335,,,,Off,0,Manual: B,40,0,0,0,0,
2018-02-20 13:00:32.513,,,,,68860,62335,,,0,Off,0,Manual: B,40,0,0,0,0,
2018-02-20 13:00:32.513,,,,,68860,62335,68860,62335,,Off,0,Manual: B,40,0,0,0,0,
2018-02-20 13:00:32.513,,,,,68860,62335,,,,On,10,Manual: B,40,0,0,0,0,
2018-02-20 13:01:02.549,,,,,68860,62335,,,,Off,0,Manual: B,40,0,0,0,0,
2018-02-20 13:01:42.702,63,1,,BT_main_45,46658,67386,,,,Off,0,Manual: B,20,0,0,0,0,
2018-02-20 13:01:42.702,,,,,46658,67386,,,0,Off,0,Manual: B,20,0,0,0,0,
2018-02-20 13:01:42.702,,,,,46658,67386,46658,67386,,Off,0,Manual: B,20,0,0,0,0,
2018-02-20 13:01:42.702,,,,,46658,67386,,,,On,10,Manual: B,20,0,0,0,0,
2018-02-20 13:02:12.749,,,,,46658,67386,,,,Off,0,Manual: B,20,0,0,0,0,
2018-02-20 13:02:52.939,64,1,,BT_main_46,46638,67403,,,,Off,0,Manual: B,20,0,0,0,0,
2018-02-20 13:02:52.939,,,,,46638,67403,,,0,Off,0,Manual: B,20,0,0,0,0,
2018-02-20 13:02:52.939,,,,,46638,67403,46638,67403,,Off,0,Manual: B,20,0,0,0,0,
2018-02-20 13:02:52.939,,,,,46638,67403,,,,On,10,Manual: B,20,0,0,0,0,
2018-02-20 13:03:22.978,,,,,46638,67403,,,,Off,0,Manual: B,20,0,0,0,0,
2018-02-20 13:04:03.096,65,1,,BT_main_47,46619,67419,,,,Off,0,Manual: B,20,0,0,0,0,
2018-02-20 13:04:03.096,,,,,46619,67419,,,0,Off,0,Manual: B,20,0,0,0,0,
2018-02-20 13:04:03.096,,,,,46619,67419,46619,67419,,Off,0,Manual: B,20,0,0,0,0,
2018-02-20 13:04:03.096,,,,,46619,67419,,,,On,10,Manual: B,20,0,0,0,0,
2018-02-20 13:04:33.132,,,,,46619,67419,,,,Off,0,Manual: B,20,0,0,0,0,
2018-02-20 13:05:13.237,66,1,,BT_main_48,46599,67435,,,,Off,0,Manual: B,20,0,0,0,0,
2018-02-20 13:05:13.237,,,,,46599,67435,,,0,Off,0,Manual: B,20,0,0,0,0,
2018-02-20 13:05:13.237,,,,,46599,67435,46599,67435,,Off,0,Manual: B,20,0,0,0,0,
2018-02-20 13:05:13.237,,,,,46599,67435,,,,On,10,Manual: B,20,0,0,0,0,
2018-02-20 13:05:43.317,,,,,46599,67435,,,,Off,0,Manual: B,20,0,0,0,0,
2018-02-20 13:06:23.442,67,1,,BT_main_49,46578,67450,,,,Off,0,Manual: B,20,0,0,0,0,
2018-02-20 13:06:23.442,,,,,46578,67450,,,0,Off,0,Manual: B,20,0,0,0,0,
2018-02-20 13:06:23.442,,,,,46578,67450,46578,67450,,Off,0,Manual: B,20,0,0,0,0,
2018-02-20 13:06:23.442,,,,,46578,67450,,,,On,10,Manual: B,20,0,0,0,0,
2018-02-20 13:06:53.486,,,,,46578,67450,,,,Off,0,Manual: B,20,0,0,0,0,
2018-02-20 13:07:33.616,68,1,,BT_main_50,46558,67464,,,,Off,0,Manual: B,20,0,0,0,0,
2018-02-20 13:07:33.616,,,,,46558,67464,,,0,Off,0,Manual: B,20,0,0,0,0,
2018-02-20 13:07:33.616,,,,,46558,67464,46558,67464,,Off,0,Manual: B,20,0,0,0,0,
2018-02-20 13:07:33.616,,,,,46558,67464,,,,On,10,Manual: B,20,0,0,0,0,
2018-02-20 13:08:03.655,,,,,46558,67464,,,,Off,0,Manual: B,20,0,0,0,0,
2018-02-20 13:08:43.933,69,1,,BT_main_51,46539,67479,,,,Off,0,Manual: B,20,0,0,0,0,
2018-02-20 13:08:43.933,,,,,46539,67479,,,0,Off,0,Manual: B,20,0,0,0,0,
2018-02-20 13:08:43.933,,,,,46539,67479,46539,67479,,Off,0,Manual: B,20,0,0,0,0,
2018-02-20 13:08:43.933,,,,,46539,67479,,,,On,10,Manual: B,20,0,0,0,0,
2018-02-20 13:09:13.981,,,,,46539,67479,,,,Off,0,Manual: B,20,0,0,0,0,
2018-02-20 13:09:54.106,70,1,,NIST610_10,70106,30260,,,,Off,0,Manual: B,35,0,0,0,0,
2018-02-20 13:09:54.106,,,,,70106,30260,,,0,Off,0,Manual: B,35,0,0,0,0,
2018-02-20 13:09:54.106,,,,,70106,30260,70106,30260,,Off,0,Manual: B,35,0,0,0,0,
2018-02-20 13:09:54.106,,,,,70106,30260,,,,On,10,Manual: B,35,0,0,0,0,
2018-02-20 13:10:24.158,,,,,70106,30260,,,,Off,0,Manual: B,35,0,0,0,0,
2018-02-20 13:11:04.296,71,1,,NIST612_10,68930,62335,,,,Off,0,Manual: B,40,0,0,0,0,
2018-02-20 13:11:04.296,,,,,68930,62335,,,0,Off,0,Manual: B,40,0,0,0,0,
2018-02-20 13:11:04.296,,,,,68930,62335,68930,62335,,Off,0,Manual: B,40,0,0,0,0,
2018-02-20 13:11:04.296,,,,,68930,62335,,,,On,10,Manual: B,40,0,0,0,0,
2018-02-20 13:11:34.335,,,,,68930,62335,,,,Off,0,Manual: B,40,0,0,0,0,
2018-02-20 13:12:14.469,72,1,,BT_main_52,46519,67494,,,,Off,0,Manual: B,20,0,0,0,0,
2018-02-20 13:12:14.469,,,,,46519,67494,,,0,Off,0,Manual: B,20,0,0,0,0,
2018-02-20 13:12:14.469,,,,,46519,67494,46519,67494,,Off,0,Manual: B,20,0,0,0,0,
2018-02-20 13:12:14.469,,,,,46519,67494,,,,On,10,Manual: B,20,0,0,0,0,
2018-02-20 13:12:44.541,,,,,46519,67494,,,,Off,0,Manual: B,20,0,0,0,0,
2018-02-20 13:13:24.658,73,1,,BT_main_53,46501,67509,,,,Off,0,Manual: B,20,0,0,0,0,
2018-02-20 13:13:24.658,,,,,46501,67509,,,0,Off,0,Manual: B,20,0,0,0,0,
2018-02-20 13:13:24.658,,,,,46501,67509,46501,67509,,Off,0,Manual: B,20,0,0,0,0,
2018-02-20 13:13:24.658,,,,,46501,67509,,,,On,10,Manual: B,20,0,0,0,0,
2018-02-20 13:13:54.738,,,,,46501,67509,,,,Off,0,Manual: B,20,0,0,0,0,
2018-02-20 13:14:34.848,74,1,,BT_main_54,46479,67524,,,,Off,0,Manual: B,20,0,0,0,0,
2018-02-20 13:14:34.848,,,,,46479,67524,,,0,Off,0,Manual: B,20,0,0,0,0,
2018-02-20 13:14:34.848,,,,,46479,67524,46479,67524,,Off,0,Manual: B,20,0,0,0,0,
2018-02-20 13:14:34.848,,,,,46479,67524,,,,On,10,Manual: B,20,0,0,0,0,
2018-02-20 13:15:05.219,,,,,46479,67524,,,,Off,0,Manual: B,20,0,0,0,0,
2018-02-20 13:15:45.341,75,1,,BT_main_55,46458,67539,,,,Off,0,Manual: B,20,0,0,0,0,
2018-02-20 13:15:45.341,,,,,46458,67539,,,0,Off,0,Manual: B,20,0,0,0,0,
2018-02-20 13:15:45.341,,,,,46458,67539,46458,67539,,Off,0,Manual: B,20,0,0,0,0,
2018-02-20 13:15:45.341,,,,,46458,67539,,,,On,10,Manual: B,20,0,0,0,0,
2018-02-20 13:16:15.384,,,,,46458,67539,,,,Off,0,Manual: B,20,0,0,0,0,
2018-02-20 13:16:55.577,76,1,,BT_main_56,46440,67555,,,,Off,0,Manual: B,20,0,0,0,0,
2018-02-20 13:16:55.577,,,,,46440,67555,,,0,Off,0,Manual: B,20,0,0,0,0,
2018-02-20 13:16:55.577,,,,,46440,67555,46440,67555,,Off,0,Manual: B,20,0,0,0,0,
2018-02-20 13:16:55.577,,,,,46440,67555,,,,On,10,Manual: B,20,0,0,0,0,
2018-02-20 13:17:25.636,,,,,46440,67555,,,,Off,0,Manual: B,20,0,0,0,0,
2018-02-20 13:18:05.751,77,1,,BT_main_57,46419,67570,,,,Off,0,Manual: B,20,0,0,0,0,
2018-02-20 13:18:05.751,,,,,46419,67570,,,0,Off,0,Manual: B,20,0,0,0,0,
2018-02-20 13:18:05.751,,,,,46419,67570,46419,67570,,Off,0,Manual: B,20,0,0,0,0,
2018-02-20 13:18:05.751,,,,,46419,67570,,,,On,10,Manual: B,20,0,0,0,0,
2018-02-20 13:18:35.787,,,,,46419,67570,,,,Off,0,Manual: B,20,0,0,0,0,
2018-02-20 13:19:15.893,78,1,,BT_main_58,46400,67585,,,,Off,0,Manual: B,20,0,0,0,0,
2018-02-20 13:19:15.893,,,,,46400,67585,,,0,Off,0,Manual: B,20,0,0,0,0,
2018-02-20 13:19:15.893,,,,,46400,67585,46400,67585,,Off,0,Manual: B,20,0,0,0,0,
2018-02-20 13:19:15.893,,,,,46400,67585,,,,On,10,Manual: B,20,0,0,0,0,
2018-02-20 13:19:45.992,,,,,46400,67585,,,,Off,0,Manual: B,20,0,0,0,0,
2018-02-20 13:20:26.161,79,1,,NIST610_11,70136,30319,,,,Off,0,Manual: B,35,0,0,0,0,
2018-02-20 13:20:26.161,,,,,70136,30319,,,0,Off,0,Manual: B,35,0,0,0,0,
2018-02-20 13:20:26.161,,,,,70136,30319,70136,30319,,Off,0,Manual: B,35,0,0,0,0,
2018-02-20 13:20:26.161,,,,,70136,30319,,,,On,10,Manual: B,35,0,0,0,0,
2018-02-20 13:20:56.203,,,,,70136,30319,,,,Off,0,Manual: B,35,0,0,0,0,
2018-02-20 13:21:36.317,80,1,,NIST612_11,69003,62335,,,,Off,0,Manual: B,40,0,0,0,0,
2018-02-20 13:21:36.317,,,,,69003,62335,,,0,Off,0,Manual: B,40,0,0,0,0,
2018-02-20 13:21:36.317,,,,,69003,62335,69003,62335,,Off,0,Manual: B,40,0,0,0,0,
2018-02-20 13:21:36.317,,,,,69003,62335,,,,On,10,Manual: B,40,0,0,0,0,
2018-02-20 13:22:06.357,,,,,69003,62335,,,,Off,0,Manual: B,40,0,0,0,0,
2018-02-20 13:22:46.513,81,1,,BT_main_59,46380,67601,,,,Off,0,Manual: B,20,0,0,0,0,
2018-02-20 13:22:46.513,,,,,46380,67601,,,0,Off,0,Manual: B,20,0,0,0,0,
2018-02-20 13:22:46.513,,,,,46380,67601,46380,67601,,Off,0,Manual: B,20,0,0,0,0,
2018-02-20 13:22:46.513,,,,,46380,67601,,,,On,10,Manual: B,20,0,0,0,0,
2018-02-20 13:23:16.542,,,,,46380,67601,,,,Off,0,Manual: B,20,0,0,0,0,
2018-02-20 13:23:56.648,82,1,,BT_main_60,46360,67615,,,,Off,0,Manual: B,20,0,0,0,0,
2018-02-20 13:23:56.648,,,,,46360,67615,,,0,Off,0,Manual: B,20,0,0,0,0,
2018-02-20 13:23:56.648,,,,,46360,67615,46360,67615,,Off,0,Manual: B,20,0,0,0,0,
2018-02-20 13:23:56.648,,,,,46360,67615,,,,On,10,Manual: B,20,0,0,0,0,
2018-02-20 13:24:26.763,,,,,46360,67615,,,,Off,0,Manual: B,20,0,0,0,0,
2018-02-20 13:25:06.853,83,1,,BT_main_61,46340,67629,,,,Off,0,Manual: B,20,0,0,0,0,
2018-02-20 13:25:06.853,,,,,46340,67629,,,0,Off,0,Manual: B,20,0,0,0,0,
2018-02-20 13:25:06.853,,,,,46340,67629,46340,67629,,Off,0,Manual: B,20,0,0,0,0,
2018-02-20 13:25:06.853,,,,,46340,67629,,,,On,10,Manual: B,20,0,0,0,0,
2018-02-20 13:25:36.937,,,,,46340,67629,,,,Off,0,Manual: B,20,0,0,0,0,
2018-02-20 13:26:17.138,84,1,,BT_main_62,46320,67645,,,,Off,0,Manual: B,20,0,0,0,0,
2018-02-20 13:26:17.138,,,,,46320,67645,,,0,Off,0,Manual: B,20,0,0,0,0,
2018-02-20 13:26:17.138,,,,,46320,67645,46320,67645,,Off,0,Manual: B,20,0,0,0,0,
2018-02-20 13:26:17.138,,,,,46320,67645,,,,On,10,Manual: B,20,0,0,0,0,
2018-02-20 13:26:47.174,,,,,46320,67645,,,,Off,0,Manual: B,20,0,0,0,0,
2018-02-20 13:27:27.503,85,1,,BT_main_63,46300,67661,,,,Off,0,Manual: B,20,0,0,0,0,
2018-02-20 13:27:27.503,,,,,46300,67661,,,0,Off,0,Manual: B,20,0,0,0,0,
2018-02-20 13:27:27.503,,,,,46300,67661,46300,67661,,Off,0,Manual: B,20,0,0,0,0,
2018-02-20 13:27:27.503,,,,,46300,67661,,,,On,10,Manual: B,20,0,0,0,0,
2018-02-20 13:27:57.906,,,,,46300,67661,,,,Off,0,Manual: B,20,0,0,0,0,
2018-02-20 13:28:38.012,86,1,,BT_main_64,46281,67676,,,,Off,0,Manual: B,20,0,0,0,0,
2018-02-20 13:28:38.012,,,,,46281,67676,,,0,Off,0,Manual: B,20,0,0,0,0,
2018-02-20 13:28:38.012,,,,,46281,67676,46281,67676,,Off,0,Manual: B,20,0,0,0,0,
2018-02-20 13:28:38.012,,,,,46281,67676,,,,On,10,Manual: B,20,0,0,0,0,
2018-02-20 13:29:08.069,,,,,46281,67676,,,,Off,0,Manual: B,20,0,0,0,0,
2018-02-20 13:29:48.457,87,1,,BT_main_65,46261,67693,,,,Off,0,Manual: B,20,0,0,0,0,
2018-02-20 13:29:48.457,,,,,46261,67693,,,0,Off,0,Manual: B,20,0,0,0,0,
2018-02-20 13:29:48.457,,,,,46261,67693,46261,67693,,Off,0,Manual: B,20,0,0,0,0,
2018-02-20 13:29:48.457,,,,,46261,67693,,,,On,10,Manual: B,20,0,0,0,0,
2018-02-20 13:30:18.493,,,,,46261,67693,,,,Off,0,Manual: B,20,0,0,0,0,
2018-02-20 13:30:58.630,88,1,,NIST610_12,70200,30261,,,,Off,0,Manual: B,35,0,0,0,0,
2018-02-20 13:30:58.630,,,,,70200,30261,,,0,Off,0,Manual: B,35,0,0,0,0,
2018-02-20 13:30:58.630,,,,,70200,30261,70200,30261,,Off,0,Manual: B,35,0,0,0,0,
2018-02-20 13:30:58.630,,,,,70200,30261,,,,On,10,Manual: B,35,0,0,0,0,
2018-02-20 13:31:28.713,,,,,70200,30261,,,,Off,0,Manual: B,35,0,0,0,0,
2018-02-20 13:32:08.866,89,1,,NIST612_12,69080,62335,,,,Off,0,Manual: B,40,0,0,0,0,
2018-02-20 13:32:08.866,,,,,69080,62335,,,0,Off,0,Manual: B,40,0,0,0,0,
2018-02-20 13:32:08.866,,,,,69080,62335,69080,62335,,Off,0,Manual: B,40,0,0,0,0,
2018-02-20 13:32:08.866,,,,,69080,62335,,,,On,10,Manual: B,40,0,0,0,0,
2018-02-20 13:32:38.910,,,,,69080,62335,,,,Off,0,Manual: B,40,0,0,0,0,
2018-02-20 13:33:19.167,90,1,,BT_main_66,46240,67706,,,,Off,0,Manual: B,20,0,0,0,0,
2018-02-20 13:33:19.167,,,,,46240,67706,,,0,Off,0,Manual: B,20,0,0,0,0,
2018-02-20 13:33:19.167,,,,,46240,67706,46240,67706,,Off,0,Manual: B,20,0,0,0,0,
2018-02-20 13:33:19.167,,,,,46240,67706,,,,On,10,Manual: B,20,0,0,0,0,
2018-02-20 13:33:49.204,,,,,46240,67706,,,,Off,0,Manual: B,20,0,0,0,0,
2018-02-20 13:34:29.324,91,1,,BT_main_67,46221,67723,,,,Off,0,Manual: B,20,0,0,0,0,
2018-02-20 13:34:29.324,,,,,46221,67723,,,0,Off,0,Manual: B,20,0,0,0,0,
2018-02-20 13:34:29.324,,,,,46221,67723,46221,67723,,Off,0,Manual: B,20,0,0,0,0,
2018-02-20 13:34:29.324,,,,,46221,67723,,,,On,10,Manual: B,20,0,0,0,0,
2018-02-20 13:34:59.373,,,,,46221,67723,,,,Off,0,Manual: B,20,0,0,0,0,
2018-02-20 13:35:39.498,92,1,,BT_main_68,46200,67738,,,,Off,0,Manual: B,20,0,0,0,0,
2018-02-20 13:35:39.498,,,,,46200,67738,,,0,Off,0,Manual: B,20,0,0,0,0,
2018-02-20 13:35:39.498,,,,,46200,67738,46200,67738,,Off,0,Manual: B,20,0,0,0,0,
2018-02-20 13:35:39.498,,,,,46200,67738,,,,On,10,Manual: B,20,0,0,0,0,
2018-02-20 13:36:09.581,,,,,46200,67738,,,,Off,0,Manual: B,20,0,0,0,0,
2018-02-20 13:36:49.750,93,1,,BT_main_69,46181,67751,,,,Off,0,Manual: B,20,0,0,0,0,
2018-02-20 13:36:49.750,,,,,46181,67751,,,0,Off,0,Manual: B,20,0,0,0,0,
2018-02-20 13:36:49.750,,,,,46181,67751,46181,67751,,Off,0,Manual: B,20,0,0,0,0,
2018-02-20 13:36:49.750,,,,,46181,67751,,,,On,10,Manual: B,20,0,0,0,0,
2018-02-20 13:37:19.789,,,,,46181,67751,,,,Off,0,Manual: B,20,0,0,0,0,
2018-02-20 13:37:59.891,94,1,,BT_main_70,46161,67766,,,,Off,0,Manual: B,20,0,0,0,0,
2018-02-20 13:37:59.891,,,,,46161,67766,,,0,Off,0,Manual: B,20,0,0,0,0,
2018-02-20 13:37:59.891,,,,,46161,67766,46161,67766,,Off,0,Manual: B,20,0,0,0,0,
2018-02-20 13:37:59.891,,,,,46161,67766,,,,On,10,Manual: B,20,0,0,0,0,
2018-02-20 13:38:29.977,,,,,46161,67766,,,,Off,0,Manual: B,20,0,0,0,0,
2018-02-20 13:39:10.192,95,1,,BT_main_71,46141,67782,,,,Off,0,Manual: B,20,0,0,0,0,
2018-02-20 13:39:10.192,,,,,46141,67782,,,0,Off,0,Manual: B,20,0,0,0,0,
2018-02-20 13:39:10.192,,,,,46141,67782,46141,67782,,Off,0,Manual: B,20,0,0,0,0,
2018-02-20 13:39:10.192,,,,,46141,67782,,,,On,10,Manual: B,20,0,0,0,0,
2018-02-20 13:39:40.267,,,,,46141,67782,,,,Off,0,Manual: B,20,0,0,0,0,
2018-02-20 13:40:20.382,96,1,,BT_main_72,46121,67798,,,,Off,0,Manual: B,20,0,0,0,0,
2018-02-20 13:40:20.382,,,,,46121,67798,,,0,Off,0,Manual: B,20,0,0,0,0,
2018-02-20 13:40:20.382,,,,,46121,67798,46121,67798,,Off,0,Manual: B,20,0,0,0,0,
2018-02-20 13:40:20.382,,,,,46121,67798,,,,On,10,Manual: B,20,0,0,0,0,
2018-02-20 13:40:50.593,,,,,46121,67798,,,,Off,0,Manual: B,20,0,0,0,0,
2018-02-20 13:41:30.699,97,1,,NIST610_13,68955,30319,,,,Off,0,Manual: B,35,0,0,0,0,
2018-02-20 13:41:30.699,,,,,68955,30319,,,0,Off,0,Manual: B,35,0,0,0,0,
2018-02-20 13:41:30.699,,,,,68955,30319,68955,30319,,Off,0,Manual: B,35,0,0,0,0,
2018-02-20 13:41:30.699,,,,,68955,30319,,,,On,10,Manual: B,35,0,0,0,0,
2018-02-20 13:42:00.761,,,,,68955,30319,,,,Off,0,Manual: B,35,0,0,0,0,
2018-02-20 13:42:40.921,98,1,,NIST612_13,69155,62334,,,,Off,0,Manual: B,40,0,0,0,0,
2018-02-20 13:42:40.921,,,,,69155,62334,,,0,Off,0,Manual: B,40,0,0,0,0,
2018-02-20 13:42:40.921,,,,,69155,62334,69155,62334,,Off,0,Manual: B,40,0,0,0,0,
2018-02-20 13:42:40.921,,,,,69155,62334,,,,On,10,Manual: B,40,0,0,0,0,
2018-02-20 13:43:10.963,,,,,69155,62334,,,,Off,0,Manual: B,40,0,0,0,0,
2018-02-20 13:43:51.062,99,1,,BT_main_73,46102,67813,,,,Off,0,Manual: B,20,0,0,0,0,
2018-02-20 13:43:51.062,,,,,46102,67813,,,0,Off,0,Manual: B,20,0,0,0,0,
2018-02-20 13:43:51.062,,,,,46102,67813,46102,67813,,Off,0,Manual: B,20,0,0,0,0,
2018-02-20 13:43:51.062,,,,,46102,67813,,,,On,10,Manual: B,20,0,0,0,0,
2018-02-20 13:44:21.101,,,,,46102,67813,,,,Off,0,Manual: B,20,0,0,0,0,
2018-02-20 13:45:01.204,100,1,,BT_main_74,46082,67828,,,,Off,0,Manual: B,20,0,0,0,0,
2018-02-20 13:45:01.204,,,,,46082,67828,,,0,Off,0,Manual: B,20,0,0,0,0,
2018-02-20 13:45:01.204,,,,,46082,67828,46082,67828,,Off,0,Manual: B,20,0,0,0,0,
2018-02-20 13:45:01.204,,,,,46082,67828,,,,On,10,Manual: B,20,0,0,0,0,
2018-02-20 13:45:31.254,,,,,46082,67828,,,,Off,0,Manual: B,20,0,0,0,0,
2018-02-20 13:46:11.344,101,1,,BT_main_75,46061,67843,,,,Off,0,Manual: B,20,0,0,0,0,
2018-02-20 13:46:11.344,,,,,46061,67843,,,0,Off,0,Manual: B,20,0,0,0,0,
2018-02-20 13:46:11.344,,,,,46061,67843,46061,67843,,Off,0,Manual: B,20,0,0,0,0,
2018-02-20 13:46:11.344,,,,,46061,67843,,,,On,10,Manual: B,20,0,0,0,0,
2018-02-20 13:46:41.397,,,,,46061,67843,,,,Off,0,Manual: B,20,0,0,0,0,
2018-02-20 13:47:21.598,102,1,,BT_main_76,46042,67858,,,,Off,0,Manual: B,20,0,0,0,0,
2018-02-20 13:47:21.598,,,,,46042,67858,,,0,Off,0,Manual: B,20,0,0,0,0,
2018-02-20 13:47:21.598,,,,,46042,67858,46042,67858,,Off,0,Manual: B,20,0,0,0,0,
2018-02-20 13:47:21.598,,,,,46042,67858,,,,On,10,Manual: B,20,0,0,0,0,
2018-02-20 13:47:51.679,,,,,46042,67858,,,,Off,0,Manual: B,20,0,0,0,0,
2018-02-20 13:48:31.851,103,1,,BT_main_77,46022,67873,,,,Off,0,Manual: B,20,0,0,0,0,
2018-02-20 13:48:31.851,,,,,46022,67873,,,0,Off,0,Manual: B,20,0,0,0,0,
2018-02-20 13:48:31.851,,,,,46022,67873,46022,67873,,Off,0,Manual: B,20,0,0,0,0,
2018-02-20 13:48:31.851,,,,,46022,67873,,,,On,10,Manual: B,20,0,0,0,0,
2018-02-20 13:49:01.920,,,,,46022,67873,,,,Off,0,Manual: B,20,0,0,0,0,
2018-02-20 13:49:42.072,104,1,,BT_main_78,46003,67888,,,,Off,0,Manual: B,20,0,0,0,0,
2018-02-20 13:49:42.072,,,,,46003,67888,,,0,Off,0,Manual: B,20,0,0,0,0,
2018-02-20 13:49:42.072,,,,,46003,67888,46003,67888,,Off,0,Manual: B,20,0,0,0,0,
2018-02-20 13:49:42.072,,,,,46003,67888,,,,On,10,Manual: B,20,0,0,0,0,
2018-02-20 13:50:12.138,,,,,46003,67888,,,,Off,0,Manual: B,20,0,0,0,0,
2018-02-20 13:50:52.230,105,1,,BT_main_79,45982,67903,,,,Off,0,Manual: B,20,0,0,0,0,
2018-02-20 13:50:52.230,,,,,45982,67903,,,0,Off,0,Manual: B,20,0,0,0,0,
2018-02-20 13:50:52.230,,,,,45982,67903,45982,67903,,Off,0,Manual: B,20,0,0,0,0,
2018-02-20 13:50:52.230,,,,,45982,67903,,,,On,10,Manual: B,20,0,0,0,0,
2018-02-20 13:51:22.315,,,,,45982,67903,,,,Off,0,Manual: B,20,0,0,0,0,
2018-02-20 13:52:02.419,106,1,,NIST610_14,69006,30264,,,,Off,0,Manual: B,35,0,0,0,0,
2018-02-20 13:52:02.419,,,,,69006,30264,,,0,Off,0,Manual: B,35,0,0,0,0,
2018-02-20 13:52:02.419,,,,,69006,30264,69006,30264,,Off,0,Manual: B,35,0,0,0,0,
2018-02-20 13:52:02.419,,,,,69006,30264,,,,On,10,Manual: B,35,0,0,0,0,
2018-02-20 13:52:32.473,,,,,69006,30264,,,,Off,0,Manual: B,35,0,0,0,0,
2018-02-20 13:53:12.832,107,1,,NIST612_14,69228,62335,,,,Off,0,Manual: B,40,0,0,0,0,
2018-02-20 13:53:12.832,,,,,69228,62335,,,0,Off,0,Manual: B,40,0,0,0,0,
2018-02-20 13:53:12.832,,,,,69228,62335,69228,62335,,Off,0,Manual: B,40,0,0,0,0,
2018-02-20 13:53:12.832,,,,,69228,62335,,,,On,10,Manual: B,40,0,0,0,0,
2018-02-20 13:53:42.876,,,,,69228,62335,,,,Off,0,Manual: B,40,0,0,0,0,
2018-02-20 13:54:22.988,108,1,,BT_main_80,45962,67918,,,,Off,0,Manual: B,20,0,0,0,0,
2018-02-20 13:54:22.988,,,,,45962,67918,,,0,Off,0,Manual: B,20,0,0,0,0,
2018-02-20 13:54:22.988,,,,,45962,67918,45962,67918,,Off,0,Manual: B,20,0,0,0,0,
2018-02-20 13:54:22.988,,,,,45962,67918,,,,On,10,Manual: B,20,0,0,0,0,
2018-02-20 13:54:53.030,,,,,45962,67918,,,,Off,0,Manual: B,20,0,0,0,0,
2018-02-20 13:55:33.162,109,1,,BT_main_81,45943,67934,,,,Off,0,Manual: B,20,0,0,0,0,
2018-02-20 13:55:33.162,,,,,45943,67934,,,0,Off,0,Manual: B,20,0,0,0,0,
2018-02-20 13:55:33.162,,,,,45943,67934,45943,67934,,Off,0,Manual: B,20,0,0,0,0,
2018-02-20 13:55:33.162,,,,,45943,67934,,,,On,10,Manual: B,20,0,0,0,0,
2018-02-20 13:56:03.199,,,,,45943,67934,,,,Off,0,Manual: B,20,0,0,0,0,
2018-02-20 13:56:43.287,110,1,,BT_main_82,45923,67949,,,,Off,0,Manual: B,20,0,0,0,0,
2018-02-20 13:56:43.287,,,,,45923,67949,,,0,Off,0,Manual: B,20,0,0,0,0,
2018-02-20 13:56:43.287,,,,,45923,67949,45923,67949,,Off,0,Manual: B,20,0,0,0,0,
2018-02-20 13:56:43.287,,,,,45923,67949,,,,On,10,Manual: B,20,0,0,0,0,
2018-02-20 13:57:13.353,,,,,45923,67949,,,,Off,0,Manual: B,20,0,0,0,0,
2018-02-20 13:57:53.524,111,1,,BT_main_83,45903,67964,,,,Off,0,Manual: B,20,0,0,0,0,
2018-02-20 13:57:53.524,,,,,45903,67964,,,0,Off,0,Manual: B,20,0,0,0,0,
2018-02-20 13:57:53.524,,,,,45903,67964,45903,67964,,Off,0,Manual: B,20,0,0,0,0,
2018-02-20 13:57:53.524,,,,,45903,67964,,,,On,10,Manual: B,20,0,0,0,0,
2018-02-20 13:58:23.569,,,,,45903,67964,,,,Off,0,Manual: B,20,0,0,0,0,
2018-02-20 13:59:03.713,112,1,,BT_main_84,45883,67980,,,,Off,0,Manual: B,20,0,0,0,0,
2018-02-20 13:59:03.713,,,,,45883,67980,,,0,Off,0,Manual: B,20,0,0,0,0,
2018-02-20 13:59:03.713,,,,,45883,67980,45883,67980,,Off,0,Manual: B,20,0,0,0,0,
2018-02-20 13:59:03.713,,,,,45883,67980,,,,On,10,Manual: B,20,0,0,0,0,
2018-02-20 13:59:34.068,,,,,45883,67980,,,,Off,0,Manual: B,20,0,0,0,0,
2018-02-20 14:00:14.176,113,1,,BT_main_85,45864,67995,,,,Off,0,Manual: B,20,0,0,0,0,
2018-02-20 14:00:14.176,,,,,45864,67995,,,0,Off,0,Manual: B,20,0,0,0,0,
2018-02-20 14:00:14.176,,,,,45864,67995,45864,67995,,Off,0,Manual: B,20,0,0,0,0,
2018-02-20 14:00:14.176,,,,,45864,67995,,,,On,10,Manual: B,20,0,0,0,0,
2018-02-20 14:00:44.231,,,,,45864,67995,,,,Off,0,Manual: B,20,0,0,0,0,
2018-02-20 14:01:24.459,114,1,,BT_main_86,45844,68009,,,,Off,0,Manual: B,20,0,0,0,0,
2018-02-20 14:01:24.459,,,,,45844,68009,,,0,Off,0,Manual: B,20,0,0,0,0,
2018-02-20 14:01:24.459,,,,,45844,68009,45844,68009,,Off,0,Manual: B,20,0,0,0,0,
2018-02-20 14:01:24.459,,,,,45844,68009,,,,On,10,Manual: B,20,0,0,0,0,
2018-02-20 14:01:54.498,,,,,45844,68009,,,,Off,0,Manual: B,20,0,0,0,0,
2018-02-20 14:02:34.616,115,1,,NIST610_15,69051,30318,,,,Off,0,Manual: B,35,0,0,0,0,
2018-02-20 14:02:34.616,,,,,69051,30318,,,0,Off,0,Manual: B,35,0,0,0,0,
2018-02-20 14:02:34.616,,,,,69051,30318,69051,30318,,Off,0,Manual: B,35,0,0,0,0,
2018-02-20 14:02:34.616,,,,,69051,30318,,,,On,10,Manual: B,35,0,0,0,0,
2018-02-20 14:03:04.655,,,,,69051,30318,,,,Off,0,Manual: B,35,0,0,0,0,
2018-02-20 14:03:44.790,116,1,,NIST612_15,69309,62334,,,,Off,0,Manual: B,40,0,0,0,0,
2018-02-20 14:03:44.790,,,,,69309,62334,,,0,Off,0,Manual: B,40,0,0,0,0,
2018-02-20 14:03:44.790,,,,,69309,62334,69309,62334,,Off,0,Manual: B,40,0,0,0,0,
2018-02-20 14:03:44.790,,,,,69309,62334,,,,On,10,Manual: B,40,0,0,0,0,
2018-02-20 14:04:14.875,,,,,69309,62334,,,,Off,0,Manual: B,40,0,0,0,0,
2018-02-20 14:04:54.995,117,1,,BT_main_87,45824,68025,,,,Off,0,Manual: B,20,0,0,0,0,
2018-02-20 14:04:54.995,,,,,45824,68025,,,0,Off,0,Manual: B,20,0,0,0,0,
2018-02-20 14:04:54.995,,,,,45824,68025,45824,68025,,Off,0,Manual: B,20,0,0,0,0,
2018-02-20 14:04:54.995,,,,,45824,68025,,,,On,10,Manual: B,20,0,0,0,0,
2018-02-20 14:05:25.038,,,,,45824,68025,,,,Off,0,Manual: B,20,0,0,0,0,
2018-02-20 14:06:05.136,118,1,,BT_main_88,45804,68041,,,,Off,0,Manual: B,20,0,0,0,0,
2018-02-20 14:06:05.136,,,,,45804,68041,,,0,Off,0,Manual: B,20,0,0,0,0,
2018-02-20 14:06:05.136,,,,,45804,68041,45804,68041,,Off,0,Manual: B,20,0,0,0,0,
2018-02-20 14:06:05.136,,,,,45804,68041,,,,On,10,Manual: B,20,0,0,0,0,
2018-02-20 14:06:35.174,,,,,45804,68041,,,,Off,0,Manual: B,20,0,0,0,0,
2018-02-20 14:07:15.292,119,1,,BT_main_89,45784,68056,,,,Off,0,Manual: B,20,0,0,0,0,
2018-02-20 14:07:15.292,,,,,45784,68056,,,0,Off,0,Manual: B,20,0,0,0,0,
2018-02-20 14:07:15.292,,,,,45784,68056,45784,68056,,Off,0,Manual: B,20,0,0,0,0,
2018-02-20 14:07:15.292,,,,,45784,68056,,,,On,10,Manual: B,20,0,0,0,0,
2018-02-20 14:07:45.345,,,,,45784,68056,,,,Off,0,Manual: B,20,0,0,0,0,
2018-02-20 14:08:25.525,120,1,,BT_main_90,45764,68071,,,,Off,0,Manual: B,20,0,0,0,0,
2018-02-20 14:08:25.525,,,,,45764,68071,,,0,Off,0,Manual: B,20,0,0,0,0,
2018-02-20 14:08:25.525,,,,,45764,68071,45764,68071,,Off,0,Manual: B,20,0,0,0,0,
2018-02-20 14:08:25.525,,,,,45764,68071,,,,On,10,Manual: B,20,0,0,0,0,
2018-02-20 14:08:55.645,,,,,45764,68071,,,,Off,0,Manual: B,20,0,0,0,0,
2018-02-20 14:09:35.734,121,1,,BT_main_91,45744,68085,,,,Off,0,Manual: B,20,0,0,0,0,
2018-02-20 14:09:35.734,,,,,45744,68085,,,0,Off,0,Manual: B,20,0,0,0,0,
2018-02-20 14:09:35.734,,,,,45744,68085,45744,68085,,Off,0,Manual: B,20,0,0,0,0,
2018-02-20 14:09:35.734,,,,,45744,68085,,,,On,10,Manual: B,20,0,0,0,0,
2018-02-20 14:10:05.802,,,,,45744,68085,,,,Off,0,Manual: B,20,0,0,0,0,
2018-02-20 14:10:45.924,122,1,,BT_main_92,45724,68101,,,,Off,0,Manual: B,20,0,0,0,0,
2018-02-20 14:10:45.924,,,,,45724,68101,,,0,Off,0,Manual: B,20,0,0,0,0,
2018-02-20 14:10:45.924,,,,,45724,68101,45724,68101,,Off,0,Manual: B,20,0,0,0,0,
2018-02-20 14:10:45.924,,,,,45724,68101,,,,On,10,Manual: B,20,0,0,0,0,
2018-02-20 14:11:16.003,,,,,45724,68101,,,,Off,0,Manual: B,20,0,0,0,0,
2018-02-20 14:11:56.369,123,1,,BT_main_93,45704,68116,,,,Off,0,Manual: B,20,0,0,0,0,
2018-02-20 14:11:56.369,,,,,45704,68116,,,0,Off,0,Manual: B,20,0,0,0,0,
2018-02-20 14:11:56.369,,,,,45704,68116,45704,68116,,Off,0,Manual: B,20,0,0,0,0,
2018-02-20 14:11:56.369,,,,,45704,68116,,,,On,10,Manual: B,20,0,0,0,0,
2018-02-20 14:12:26.412,,,,,45704,68116,,,,Off,0,Manual: B,20,0,0,0,0,
2018-02-20 14:13:06.542,124,1,,BT_main_94,45684,68131,,,,Off,0,Manual: B,20,0,0,0,0,
2018-02-20 14:13:06.542,,,,,45684,68131,,,0,Off,0,Manual: B,20,0,0,0,0,
2018-02-20 14:13:06.542,,,,,45684,68131,45684,68131,,Off,0,Manual: B,20,0,0,0,0,
2018-02-20 14:13:06.542,,,,,45684,68131,,,,On,10,Manual: B,20,0,0,0,0,
2018-02-20 14:13:36.753,,,,,45684,68131,,,,Off,0,Manual: B,20,0,0,0,0,
2018-02-20 14:14:16.875,125,1,,NIST610_16,69096,30265,,,,Off,0,Manual: B,35,0,0,0,0,
2018-02-20 14:14:16.875,,,,,69096,30265,,,0,Off,0,Manual: B,35,0,0,0,0,
2018-02-20 14:14:16.875,,,,,69096,30265,69096,30265,,Off,0,Manual: B,35,0,0,0,0,
2018-02-20 14:14:16.875,,,,,69096,30265,,,,On,10,Manual: B,35,0,0,0,0,
2018-02-20 14:14:46.922,,,,,69096,30265,,,,Off,0,Manual: B,35,0,0,0,0,
2018-02-20 14:15:27.033,126,1,,NIST612_16,69379,62334,,,,Off,0,Manual: B,40,0,0,0,0,
2018-02-20 14:15:27.033,,,,,69379,62334,,,0,Off,0,Manual: B,40,0,0,0,0,
2018-02-20 14:15:27.033,,,,,69379,62334,69379,62334,,Off,0,Manual: B,40,0,0,0,0,
2018-02-20 14:15:27.033,,,,,69379,62334,,,,On,10,Manual: B,40,0,0,0,0,
2018-02-20 14:15:57.122,,,,,69379,62334,,,,Off,0,Manual: B,40,0,0,0,0,
2018-02-20 14:16:37.317,127,1,,BT_main_95,45665,68146,,,,Off,0,Manual: B,20,0,0,0,0,
2018-02-20 14:16:37.317,,,,,45665,68146,,,0,Off,0,Manual: B,20,0,0,0,0,
2018-02-20 14:16:37.317,,,,,45665,68146,45665,68146,,Off,0,Manual: B,20,0,0,0,0,
2018-02-20 14:16:37.317,,,,,45665,68146,,,,On,10,Manual: B,20,0,0,0,0,
2018-02-20 14:17:07.449,,,,,45665,68146,,,,Off,0,Manual: B,20,0,0,0,0,
2018-02-20 14:17:47.587,128,1,,BT_main_96,45644,68161,,,,Off,0,Manual: B,20,0,0,0,0,
2018-02-20 14:17:47.587,,,,,45644,68161,,,0,Off,0,Manual: B,20,0,0,0,0,
2018-02-20 14:17:47.587,,,,,45644,68161,45644,68161,,Off,0,Manual: B,20,0,0,0,0,
2018-02-20 14:17:47.587,,,,,45644,68161,,,,On,10,Manual: B,20,0,0,0,0,
2018-02-20 14:18:17.671,,,,,45644,68161,,,,Off,0,Manual: B,20,0,0,0,0,
2018-02-20 14:18:57.855,129,1,,BT_main_97,45585,68207,,,,Off,0,Manual: B,20,0,0,0,0,
2018-02-20 14:18:57.855,,,,,45585,68207,,,0,Off,0,Manual: B,20,0,0,0,0,
2018-02-20 14:18:57.855,,,,,45585,68207,45585,68207,,Off,0,Manual: B,20,0,0,0,0,
2018-02-20 14:18:57.856,,,,,45585,68207,,,,On,10,Manual: B,20,0,0,0,0,
2018-02-20 14:19:27.895,,,,,45585,68207,,,,Off,0,Manual: B,20,0,0,0,0,
2018-02-20 14:20:08.076,130,1,,BT_main_98,45566,68223,,,,Off,0,Manual: B,20,0,0,0,0,
2018-02-20 14:20:08.076,,,,,45566,68223,,,0,Off,0,Manual: B,20,0,0,0,0,
2018-02-20 14:20:08.076,,,,,45566,68223,45566,68223,,Off,0,Manual: B,20,0,0,0,0,
2018-02-20 14:20:08.076,,,,,45566,68223,,,,On,10,Manual: B,20,0,0,0,0,
2018-02-20 14:20:38.114,,,,,45566,68223,,,,Off,0,Manual: B,20,0,0,0,0,
2018-02-20 14:21:18.293,131,1,,BT_main_99,45545,68238,,,,Off,0,Manual: B,20,0,0,0,0,
2018-02-20 14:21:18.293,,,,,45545,68238,,,0,Off,0,Manual: B,20,0,0,0,0,
2018-02-20 14:21:18.293,,,,,45545,68238,45545,68238,,Off,0,Manual: B,20,0,0,0,0,
2018-02-20 14:21:18.293,,,,,45545,68238,,,,On,10,Manual: B,20,0,0,0,0,
2018-02-20 14:21:48.508,,,,,45545,68238,,,,Off,0,Manual: B,20,0,0,0,0,
2018-02-20 14:22:28.630,132,1,,BT_main_100,45526,68253,,,,Off,0,Manual: B,20,0,0,0,0,
2018-02-20 14:22:28.630,,,,,45526,68253,,,0,Off,0,Manual: B,20,0,0,0,0,
2018-02-20 14:22:28.630,,,,,45526,68253,45526,68253,,Off,0,Manual: B,20,0,0,0,0,
2018-02-20 14:22:28.630,,,,,45526,68253,,,,On,10,Manual: B,20,0,0,0,0,
2018-02-20 14:22:58.668,,,,,45526,68253,,,,Off,0,Manual: B,20,0,0,0,0,
2018-02-20 14:23:39.060,133,1,,BT_main_101,45506,68268,,,,Off,0,Manual: B,20,0,0,0,0,
2018-02-20 14:23:39.060,,,,,45506,68268,,,0,Off,0,Manual: B,20,0,0,0,0,
2018-02-20 14:23:39.060,,,,,45506,68268,45506,68268,,Off,0,Manual: B,20,0,0,0,0,
2018-02-20 14:23:39.060,,,,,45506,68268,,,,On,10,Manual: B,20,0,0,0,0,
2018-02-20 14:24:09.271,,,,,45506,68268,,,,Off,0,Manual: B,20,0,0,0,0,
2018-02-20 14:24:49.361,134,1,,BT_main_102,45486,68283,,,,Off,0,Manual: B,20,0,0,0,0,
2018-02-20 14:24:49.361,,,,,45486,68283,,,0,Off,0,Manual: B,20,0,0,0,0,
2018-02-20 14:24:49.361,,,,,45486,68283,45486,68283,,Off,0,Manual: B,20,0,0,0,0,
2018-02-20 14:24:49.361,,,,,45486,68283,,,,On,10,Manual: B,20,0,0,0,0,
2018-02-20 14:25:19.412,,,,,45486,68283,,,,Off,0,Manual: B,20,0,0,0,0,
2018-02-20 14:25:59.566,135,1,,NIST610_17,69150,30319,,,,Off,0,Manual: B,35,0,0,0,0,
2018-02-20 14:25:59.566,,,,,69150,30319,,,0,Off,0,Manual: B,35,0,0,0,0,
2018-02-20 14:25:59.566,,,,,69150,30319,69150,30319,,Off,0,Manual: B,35,0,0,0,0,
2018-02-20 14:25:59.566,,,,,69150,30319,,,,On,10,Manual: B,35,0,0,0,0,
2018-02-20 14:26:29.613,,,,,69150,30319,,,,Off,0,Manual: B,35,0,0,0,0,
2018-02-20 14:27:09.804,136,1,,NIST612_17,69456,62335,,,,Off,0,Manual: B,40,0,0,0,0,
2018-02-20 14:27:09.804,,,,,69456,62335,,,0,Off,0,Manual: B,40,0,0,0,0,
2018-02-20 14:27:09.804,,,,,69456,62335,69456,62335,,Off,0,Manual: B,40,0,0,0,0,
2018-02-20 14:27:09.804,,,,,69456,62335,,,,On,10,Manual: B,40,0,0,0,0,
2018-02-20 14:27:39.844,,,,,69456,62335,,,,Off,0,Manual: B,40,0,0,0,0,
2018-02-20 14:28:19.961,137,1,,BT_main_103,45465,68298,,,,Off,0,Manual: B,20,0,0,0,0,
2018-02-20 14:28:19.961,,,,,45465,68298,,,0,Off,0,Manual: B,20,0,0,0,0,
2018-02-20 14:28:19.961,,,,,45465,68298,45465,68298,,Off,0,Manual: B,20,0,0,0,0,
2018-02-20 14:28:19.961,,,,,45465,68298,,,,On,10,Manual: B,20,0,0,0,0,
2018-02-20 14:28:49.998,,,,,45465,68298,,,,Off,0,Manual: B,20,0,0,0,0,
2018-02-20 14:29:30.102,138,1,,BT_main_104,45446,68313,,,,Off,0,Manual: B,20,0,0,0,0,
2018-02-20 14:29:30.102,,,,,45446,68313,,,0,Off,0,Manual: B,20,0,0,0,0,
2018-02-20 14:29:30.102,,,,,45446,68313,45446,68313,,Off,0,Manual: B,20,0,0,0,0,
2018-02-20 14:29:30.102,,,,,45446,68313,,,,On,10,Manual: B,20,0,0,0,0,
2018-02-20 14:30:00.198,,,,,45446,68313,,,,Off,0,Manual: B,20,0,0,0,0,
2018-02-20 14:30:40.371,139,1,,BT_main_105,45426,68328,,,,Off,0,Manual: B,20,0,0,0,0,
2018-02-20 14:30:40.371,,,,,45426,68328,,,0,Off,0,Manual: B,20,0,0,0,0,
2018-02-20 14:30:40.371,,,,,45426,68328,45426,68328,,Off,0,Manual: B,20,0,0,0,0,
2018-02-20 14:30:40.371,,,,,45426,68328,,,,On,10,Manual: B,20,0,0,0,0,
2018-02-20 14:31:10.433,,,,,45426,68328,,,,Off,0,Manual: B,20,0,0,0,0,
2018-02-20 14:31:50.528,140,1,,BT_main_106,45405,68344,,,,Off,0,Manual: B,20,0,0,0,0,
2018-02-20 14:31:50.528,,,,,45405,68344,,,0,Off,0,Manual: B,20,0,0,0,0,
2018-02-20 14:31:50.528,,,,,45405,68344,45405,68344,,Off,0,Manual: B,20,0,0,0,0,
2018-02-20 14:31:50.528,,,,,45405,68344,,,,On,10,Manual: B,20,0,0,0,0,
2018-02-20 14:32:20.568,,,,,45405,68344,,,,Off,0,Manual: B,20,0,0,0,0,
2018-02-20 14:33:00.861,141,1,,BT_main_107,45385,68359,,,,Off,0,Manual: B,20,0,0,0,0,
2018-02-20 14:33:00.861,,,,,45385,68359,,,0,Off,0,Manual: B,20,0,0,0,0,
2018-02-20 14:33:00.861,,,,,45385,68359,45385,68359,,Off,0,Manual: B,20,0,0,0,0,
2018-02-20 14:33:00.861,,,,,45385,68359,,,,On,10,Manual: B,20,0,0,0,0,
2018-02-20 14:33:31.232,,,,,45385,68359,,,,Off,0,Manual: B,20,0,0,0,0,
2018-02-20 14:34:11.337,142,1,,BT_main_108,45365,68374,,,,Off,0,Manual: B,20,0,0,0,0,
2018-02-20 14:34:11.337,,,,,45365,68374,,,0,Off,0,Manual: B,20,0,0,0,0,
2018-02-20 14:34:11.337,,,,,45365,68374,45365,68374,,Off,0,Manual: B,20,0,0,0,0,
2018-02-20 14:34:11.337,,,,,45365,68374,,,,On,10,Manual: B,20,0,0,0,0,
2018-02-20 14:34:41.374,,,,,45365,68374,,,,Off,0,Manual: B,20,0,0,0,0,
2018-02-20 14:35:21.623,143,1,,BT_main_109,45345,68389,,,,Off,0,Manual: B,20,0,0,0,0,
2018-02-20 14:35:21.623,,,,,45345,68389,,,0,Off,0,Manual: B,20,0,0,0,0,
2018-02-20 14:35:21.623,,,,,45345,68389,45345,68389,,Off,0,Manual: B,20,0,0,0,0,
2018-02-20 14:35:21.623,,,,,45345,68389,,,,On,10,Manual: B,20,0,0,0,0,
2018-02-20 14:35:51.661,,,,,45345,68389,,,,Off,0,Manual: B,20,0,0,0,0,
2018-02-20 14:36:31.828,144,1,,BT_main_110,45325,68404,,,,Off,0,Manual: B,20,0,0,0,0,
2018-02-20 14:36:31.828,,,,,45325,68404,,,0,Off,0,Manual: B,20,0,0,0,0,
2018-02-20 14:36:31.828,,,,,45325,68404,45325,68404,,Off,0,Manual: B,20,0,0,0,0,
2018-02-20 14:36:31.828,,,,,45325,68404,,,,On,10,Manual: B,20,0,0,0,0,
2018-02-20 14:37:01.869,,,,,45325,68404,,,,Off,0,Manual: B,20,0,0,0,0,
2018-02-20 14:37:42.002,145,1,,NIST610_18,69186,30264,,,,Off,0,Manual: B,35,0,0,0,0,
2018-02-20 14:37:42.002,,,,,69186,30264,,,0,Off,0,Manual: B,35,0,0,0,0,
2018-02-20 14:37:42.002,,,,,69186,30264,69186,30264,,Off,0,Manual: B,35,0,0,0,0,
2018-02-20 14:37:42.002,,,,,69186,30264,,,,On,10,Manual: B,35,0,0,0,0,
2018-02-20 14:38:12.054,,,,,69186,30264,,,,Off,0,Manual: B,35,0,0,0,0,
2018-02-20 14:38:52.174,146,1,,NIST612_18,68284,62423,,,,Off,0,Manual: B,40,0,0,0,0,
2018-02-20 14:38:52.174,,,,,68284,62423,,,0,Off,0,Manual: B,40,0,0,0,0,
2018-02-20 14:38:52.174,,,,,68284,62423,68284,62423,,Off,0,Manual: B,40,0,0,0,0,
2018-02-20 14:38:52.174,,,,,68284,62423,,,,On,10,Manual: B,40,0,0,0,0,
2018-02-20 14:39:22.254,,,,,68284,62423,,,,Off,0,Manual: B,40,0,0,0,0,
2018-02-20 14:40:02.475,147,1,,BT_main_111,45304,68419,,,,Off,0,Manual: B,20,0,0,0,0,
2018-02-20 14:40:02.475,,,,,45304,68419,,,0,Off,0,Manual: B,20,0,0,0,0,
2018-02-20 14:40:02.475,,,,,45304,68419,45304,68419,,Off,0,Manual: B,20,0,0,0,0,
2018-02-20 14:40:02.475,,,,,45304,68419,,,,On,10,Manual: B,20,0,0,0,0,
2018-02-20 14:40:32.517,,,,,45304,68419,,,,Off,0,Manual: B,20,0,0,0,0,
2018-02-20 14:41:12.616,148,1,,BT_main_112,45288,68434,,,,Off,0,Manual: B,20,0,0,0,0,
2018-02-20 14:41:12.616,,,,,45288,68434,,,0,Off,0,Manual: B,20,0,0,0,0,
2018-02-20 14:41:12.616,,,,,45288,68434,45288,68434,,Off,0,Manual: B,20,0,0,0,0,
2018-02-20 14:41:12.616,,,,,45288,68434,,,,On,10,Manual: B,20,0,0,0,0,
2018-02-20 14:41:42.655,,,,,45288,68434,,,,Off,0,Manual: B,20,0,0,0,0,
2018-02-20 14:42:22.773,149,1,,BT_main_113,45268,68450,,,,Off,0,Manual: B,20,0,0,0,0,
2018-02-20 14:42:22.773,,,,,45268,68450,,,0,Off,0,Manual: B,20,0,0,0,0,
2018-02-20 14:42:22.773,,,,,45268,68450,45268,68450,,Off,0,Manual: B,20,0,0,0,0,
2018-02-20 14:42:22.773,,,,,45268,68450,,,,On,10,Manual: B,20,0,0,0,0,
2018-02-20 14:42:52.809,,,,,45268,68450,,,,Off,0,Manual: B,20,0,0,0,0,
2018-02-20 14:43:32.947,150,1,,BT_main_114,45249,68466,,,,Off,0,Manual: B,20,0,0,0,0,
2018-02-20 14:43:32.947,,,,,45249,68466,,,0,Off,0,Manual: B,20,0,0,0,0,
2018-02-20 14:43:32.947,,,,,45249,68466,45249,68466,,Off,0,Manual: B,20,0,0,0,0,
2018-02-20 14:43:32.947,,,,,45249,68466,,,,On,10,Manual: B,20,0,0,0,0,
2018-02-20 14:44:02.994,,,,,45249,68466,,,,Off,0,Manual: B,20,0,0,0,0,
2018-02-20 14:44:43.136,151,1,,BT_main_115,45226,68479,,,,Off,0,Manual: B,20,0,0,0,0,
2018-02-20 14:44:43.136,,,,,45226,68479,,,0,Off,0,Manual: B,20,0,0,0,0,
2018-02-20 14:44:43.136,,,,,45226,68479,45226,68479,,Off,0,Manual: B,20,0,0,0,0,
2018-02-20 14:44:43.136,,,,,45226,68479,,,,On,10,Manual: B,20,0,0,0,0,
2018-02-20 14:45:13.178,,,,,45226,68479,,,,Off,0,Manual: B,20,0,0,0,0,
2018-02-20 14:45:53.310,152,1,,BT_main_116,45208,68494,,,,Off,0,Manual: B,20,0,0,0,0,
2018-02-20 14:45:53.310,,,,,45208,68494,,,0,Off,0,Manual: B,20,0,0,0,0,
2018-02-20 14:45:53.310,,,,,45208,68494,45208,68494,,Off,0,Manual: B,20,0,0,0,0,
2018-02-20 14:45:53.310,,,,,45208,68494,,,,On,10,Manual: B,20,0,0,0,0,
2018-02-20 14:46:23.348,,,,,45208,68494,,,,Off,0,Manual: B,20,0,0,0,0,
2018-02-20 14:47:03.481,153,1,,BT_main_117,45186,68510,,,,Off,0,Manual: B,20,0,0,0,0,
2018-02-20 14:47:03.481,,,,,45186,68510,,,0,Off,0,Manual: B,20,0,0,0,0,
2018-02-20 14:47:03.481,,,,,45186,68510,45186,68510,,Off,0,Manual: B,20,0,0,0,0,
2018-02-20 14:47:03.481,,,,,45186,68510,,,,On,10,Manual: B,20,0,0,0,0,
2018-02-20 14:47:33.517,,,,,45186,68510,,,,Off,0,Manual: B,20,0,0,0,0,
2018-02-20 14:48:13.623,154,1,,BT_main_118,45168,68525,,,,Off,0,Manual: B,20,0,0,0,0,
2018-02-20 14:48:13.623,,,,,45168,68525,,,0,Off,0,Manual: B,20,0,0,0,0,
2018-02-20 14:48:13.623,,,,,45168,68525,45168,68525,,Off,0,Manual: B,20,0,0,0,0,
2018-02-20 14:48:13.623,,,,,45168,68525,,,,On,10,Manual: B,20,0,0,0,0,
2018-02-20 14:48:43.697,,,,,45168,68525,,,,Off,0,Manual: B,20,0,0,0,0,
2018-02-20 14:49:23.796,155,1,,NIST610_19,69250,30319,,,,Off,0,Manual: B,35,0,0,0,0,
2018-02-20 14:49:23.796,,,,,69250,30319,,,0,Off,0,Manual: B,35,0,0,0,0,
2018-02-20 14:49:23.796,,,,,69250,30319,69250,30319,,Off,0,Manual: B,35,0,0,0,0,
2018-02-20 14:49:23.796,,,,,69250,30319,,,,On,10,Manual: B,35,0,0,0,0,
2018-02-20 14:49:53.872,,,,,69250,30319,,,,Off,0,Manual: B,35,0,0,0,0,
2018-02-20 14:50:34.001,156,1,,NIST612_19,68364,62425,,,,Off,0,Manual: B,40,0,0,0,0,
2018-02-20 14:50:34.001,,,,,68364,62425,,,0,Off,0,Manual: B,40,0,0,0,0,
2018-02-20 14:50:34.001,,,,,68364,62425,68364,62425,,Off,0,Manual: B,40,0,0,0,0,
2018-02-20 14:50:34.001,,,,,68364,62425,,,,On,10,Manual: B,40,0,0,0,0,
2018-02-20 14:51:04.056,,,,,68364,62425,,,,Off,0,Manual: B,40,0,0,0,0,
