Sample ID,SAMPLE,LOCALITY,STYLE,SPOT_ID,IS,Ca_ppm_m44,Sc_ppm_m45,Ti_ppm_m49,Mn_ppm_m55,Fe_ppm_m57,Y_ppm_m89,Zr_ppm_m90,Nb_ppm_m93,Sn_ppm_m119,Sb_ppm_m121,La_ppm_m139,Ce_ppm_m140,Pr_ppm_m141,Nd_ppm_m143,Sm_ppm_m147,Eu_ppm_m151,Gd_ppm_m157,Tb_ppm_m159,Dy_ppm_m161,Ho_ppm_m165,Er_ppm_m167,Tm_ppm_m169,Yb_ppm_m171,Lu_ppm_m175,Hf_ppm_m179,Ta_ppm_m181,W_ppm_m183,Pb_ppm_m208,Bi_ppm_m209,Th_ppm_m232,U_ppm_m238,Ca44_ERR,Sc45_ERR,Ti49_ERR,Mn55_ERR,Fe57_ERR,Y89_ERR,Zr90_ERR,Nb93_ERR,Sn119_ERR,Sb121_ERR,La139_ERR,Ce140_ERR,Pr141_ERR,Nd143_ERR,Sm147_ERR,Eu151_ERR,Gd157_ERR,Tb159_ERR,Dy161_ERR,Ho165_ERR,Er167_ERR,Tm169_ERR,Yb171_ERR,Lu175_ERR,Hf178_ERR,Ta181_ERR,W183_ERR,Pb208_ERR,Bi209_ERR,Th232_ERR,U238_ERR,Ca_ppm_m44_LOD,Sc_ppm_m45_LOD,Ti_ppm_m49_LOD,Mn_ppm_m55_LOD,Fe_ppm_m57_LOD,Zr_ppm_m90_LOD,Nb_ppm_m93_LOD,Sn_ppm_m119_LOD,Sb_ppm_m121_LOD,La_ppm_m139_LOD,Ce_ppm_m140_LOD,Pr_ppm_m141_LOD,Nd_ppm_m143_LOD,Sm_ppm_m147_LOD,Eu_ppm_m151_LOD,Gd_ppm_m157_LOD,Tb_ppm_m159_LOD,Dy_ppm_m161_LOD,Y_ppm_m89_LOD,Ho_ppm_m165_LOD,Er_ppm_m167_LOD,Tm_ppm_m169_LOD,Yb_ppm_m171_LOD,Lu_ppm_m175_LOD,Hf_ppm_m178_LOD,Ta_ppm_m181_LOD,W_ppm_m183_LOD,Pb_ppm_m208_LOD,Bi_ppm_m209_LOD,Th_ppm_m232_LOD,U_ppm_m238_LOD,Ca44_CPS,Sc45_CPS,Ti49_CPS,Mn55_CPS,Fe57_CPS,Y89_CPS,Zr90_CPS,Nb93_CPS,Sn119_CPS,Sb121_CPS,La139_CPS,Ce140_CPS,Pr141_CPS,Nd143_CPS,Sm147_CPS,Eu151_CPS,Gd157_CPS,Tb159_CPS,Dy161_CPS,Ho165_CPS,Er167_CPS,Tm169_CPS,Yb171_CPS,Lu175_CPS,Hf178_CPS,Ta181_CPS,W183_CPS,Pb208_CPS,Bi209_CPS,Th232_CPS,U238_CPS
#169537,WG03,Siffleetes Reward,Pegmatite,WG03-055,119Sn,16.64,0.704,239.51,17.41,649.87,0.492,362.75,722.05,372827.97,,0.237,2.141,0.0596,0.161,0.1161,<0.00212,0.336,0.0633,0.139,0.015,0.0339,0.00658,0.0938,0.0088,120.6,2825.28,0.803,2.465,0.0311,0.376,3.43,3.89,0.05,18.76,1.69,67.03,0.032,23.67,46.37,22962.89,,0.012,0.092,0.0036,0.014,0.0098,0.00094,0.021,0.0033,0.01,0.0014,0.0041,0.00094,0.0092,0.0012,3.81,89.35,0.038,0.093,0.0025,0.016,0.13,7.85,0.0303,0.11,0.0691,2.76,0.00402,0.0101,0.00095,0.0546,,0.00091,0.00105,0.00125,0.00785,0.00287,0.00212,0.0162,<0.00000,0.00546,0.00096,0.00202,0.00102,0.00666,0.00143,0.00252,0.00114,0.0101,0.00472,0.0011,0.00096,0.00208,1347,2871,52078,72005,51976,2788,993394,3256895,238457472,,1566,13735,431,138,121,1,359,442,171,94,50,43,84,52,203706,15007914,587,5896,120,1678,15685
#169537,WG03,Siffleetes Reward,Pegmatite,WG03-060,119Sn,<11.87,1.62,260.83,118.14,1566.96,0.1203,768.69,2122.76,600664.81,,0.00173,0.0067,<0.00170,<0.0153,<0.0132,0.0033,0.33,0.0634,0.0164,0.0027,0.0122,0.0046,0.094,0.018,256.04,8387.56,1.79,0.0079,<0.0041,<0.0023,1.768,12.63,0.11,20.44,11.43,161.58,0.0092,50.16,136.31,36995.51,,0.00073,0.0013,0.00081,0.0059,0.0046,0.0013,0.026,0.0038,0.0049,0.001,0.0043,0.0011,0.012,0.002,8.08,265.24,0.078,0.0032,0.0016,0.0012,0.07,11.87,0.0463,0.175,0.103,4.51,0.00623,0.016,0.00325,0.0801,,0.00122,0.00162,0.0017,0.0153,0.0132,0.00188,0.03,<0.00000,0.00751,0.00181,0.00759,0.00157,0.0102,0.00206,0.00614,0.00123,<0.00000,0.00613,0.00413,0.00232,0.00176,0,4208,36065,310635,79698,433,1338686,6089001,244311664,,7,27,4,0,0,7,224,281,12,10,11,19,54,68,275023,28333718,832,11,0,5,5142
#169537,WG03,Siffleetes Reward,Pegmatite,WG03-065,119Sn,<14.91,1.164,288.82,105.69,1646.4,0.146,807.67,2120.35,718007.06,,0.00365,0.0104,0.0036,<0.0135,<0.0078,<0.0024,0.456,0.0733,<0.0133,0.0064,<0.0117,0.00389,0.097,0.02,262.41,7946.11,1.612,0.0099,<0.00212,<0.00226,2.174,20.86,0.084,22.63,10.23,169.79,0.011,52.7,136.16,44222.77,,0.00085,0.0015,0.0011,0.0065,0.004,0.0011,0.035,0.0045,0.0064,0.0012,0.0053,0.00094,0.013,0.0023,8.28,251.29,0.075,0.0042,0.00065,0.00097,0.087,14.91,0.0577,0.229,0.127,5.36,0.00815,0.0208,<0.00000,0.103,,<0.00000,<0.00000,0.0018,0.0135,0.00784,0.00236,0.0417,0.00204,0.0133,0.00093,0.0117,0.00088,0.0144,0.00195,0.00487,0.0432,0.0112,0.00843,0.00212,0.00226,0.00311,0,2461,32549,226504,68252,429,1146428,4957242,238027936,,12,34,13,3,2,1,253,265,6,20,4,13,45,61,229735,21878104,611,12,0,0,5156
#169537,WG03,Siffleetes Reward,Pegmatite,WG03-070,119Sn,<20.76,1.08,323.83,52.61,924.62,0.0703,823.97,1252.89,1012840.38,,<0.048,0.0101,0.0041,<0.0134,0.0329,<0.0081,0.559,0.1036,0.014,<0.00183,<0.0109,0.0032,<0.025,0.0129,273.68,4414.51,0.779,0.0405,<0.0055,<0.0032,1.19,27.62,0.083,25.39,5.09,95.46,0.008,53.77,80.46,62382.2,,0.037,0.0018,0.0016,0.0068,0.0087,0.0032,0.044,0.0063,0.0052,0.00099,0.0055,0.0014,0.012,0.0025,8.64,139.61,0.052,0.0077,0.0025,0.0017,0.05,20.76,0.0796,0.319,0.175,7.47,0.0116,0.0284,0.00509,0.151,,0.0484,0.00179,0.00297,0.0134,0.0109,0.00807,0.0542,0.00285,0.00658,0.00183,0.0109,0.00247,0.0254,0.00385,0.0108,0.00432,0.0314,0.0127,0.00553,0.00315,0.00308,0,1636,26140,80763,27455,147,837736,2098119,240505136,,0,24,10,2,12,0,222,268,6,3,4,7,5,28,171625,8706053,211,35,3,5,2021
#169537,WG03,Siffleetes Reward,Pegmatite,WG03-075,119Sn,<18.78,0.829,336.73,67.08,1326.51,0.0854,783.68,1705.35,926824,,<0.0037,0.0114,0.0042,<0.0208,<0.0155,<0.0055,0.569,0.0886,<0.0084,0.0035,0.022,<0.0029,0.074,0.0103,248.14,5738.86,1.099,<0.064,<0.0053,<0.0037,1.728,25.35,0.066,26.39,6.49,136.85,0.0082,51.14,109.51,57084.16,,0.0016,0.0017,0.0012,0.0083,0.0057,0.0022,0.042,0.0054,0.0033,0.0012,0.0059,0.0015,0.013,0.002,7.83,181.49,0.062,0.027,0.0023,0.0016,0.07,18.78,0.0749,0.249,0.159,6.74,0.00947,0.0256,0.00229,0.119,,0.00367,<0.00000,0.00175,0.0208,0.0155,0.00554,0.0457,<0.00000,0.00836,0.00164,0.00845,0.00293,0.0161,0.00274,0.0114,0.00514,0.0316,0.0642,0.00531,0.00366,0.00357,0,1397,30244,114579,43826,199,886521,3177507,244871040,,2,30,12,0,0,0,251,255,0,9,13,7,27,25,173137,12592776,332,0,2,1,3265
#169537,WG03,Siffleetes Reward,Pegmatite,WG03-079,119Sn,<13.81,1.68,361.23,195.67,2937.62,0.225,850.81,4595.28,651445.75,,0.00363,0.0063,0.0034,0.0115,<0.0088,<0.0040,0.362,0.0644,0.0366,0.0041,0.0214,0.01,0.135,0.026,239.93,12448.9,5.75,<0.0080,<0.060,<0.00207,4.2,19.69,0.12,28.3,18.94,302.87,0.016,55.52,295.08,40123.13,,0.00088,0.0013,0.0011,0.0054,0.0038,0.0016,0.029,0.004,0.0075,0.0013,0.0049,0.0016,0.015,0.0027,7.57,393.68,0.22,0.0039,0.039,0.00095,0.16,13.81,0.0535,0.211,0.114,5.04,0.0083,0.0166,0.00289,0.0841,,0.00081,0.00166,0.0018,0.00877,0.00879,0.00404,0.0366,0.00132,0.0106,0.00224,0.00617,0.00214,0.0118,0.00268,0.00546,0.00142,<0.00000,0.00803,0.0605,0.00207,0.00285,0,3879,44452,457879,132974,723,1318660,11730966,235812128,,13,22,13,5,0,0,219,254,25,14,18,37,68,87,229357,37426132,2380,10,0,1,10874
#169537,WG03,Siffleetes Reward,Pegmatite,WG03-085,119Sn,<11.44,1.64,355.71,248.47,3497.83,0.274,823.87,4787.46,538131.69,,0.002,0.00342,<0.00162,<0.0116,<0.0085,<0.0036,0.3,0.0539,0.0215,<0.0022,0.0222,0.012,0.163,0.0292,250.76,15980.51,6.12,<0.0062,0.0038,<0.0028,5.89,14.14,0.11,27.86,24.05,360.6,0.019,53.76,307.42,33143.99,,0.00098,0.00079,0.0008,0.0043,0.004,0.0016,0.024,0.0034,0.006,0.0011,0.0046,0.0015,0.015,0.0024,7.91,505.35,0.22,0.0024,0.00099,0.0011,0.23,11.44,0.045,0.187,0.0975,4.16,0.00701,0.0143,0.00279,0.0828,,0.0019,0.00069,0.00162,0.0116,0.00846,0.0036,0.029,0.0009,0.0102,0.00223,0.00594,0.00135,0.0085,0.00105,0.00263,0.00167,<0.00000,0.00616,<0.00000,0.00282,0.00217,0,4451,51335,681903,185688,1031,1497522,14333138,228450032,,8,14,5,0,2,2,213,249,17,7,22,52,97,115,281132,56344196,2972,0,9,0,17874
#169537,WG03,Siffleetes Reward,Pegmatite,WG03-089,119Sn,<16.81,2.01,451.73,264.81,3927.39,0.312,1092.87,5464.21,784674.13,,0.0225,0.0755,0.014,0.029,<0.0141,<0.0063,0.495,0.0796,0.0444,0.0076,0.0274,0.0069,0.152,0.0312,329.68,17922.89,5.86,0.132,<0.0045,0.0185,6.63,18.35,0.14,35.39,25.63,404.9,0.022,71.31,350.88,48328.77,,0.0025,0.0052,0.0018,0.011,0.0057,0.0027,0.037,0.005,0.0073,0.0018,0.0061,0.0017,0.019,0.003,10.4,566.78,0.22,0.011,0.0021,0.0029,0.26,16.81,0.067,0.262,0.139,5.98,0.00865,0.022,0.00415,0.112,,0.00173,0.00103,<0.00000,0.0204,0.0141,0.00629,0.0423,0.0025,<0.00000,0.00297,0.00765,0.00284,0.0219,0.00222,0.0104,0.00352,<0.00000,0.00829,0.0045,0.00331,0.00354,0,3747,44805,499458,143290,807,1365242,11243195,228937824,,67,220,46,11,0,1,241,253,24,21,18,20,62,84,254023,43430236,1953,143,4,37,13843
#169537,WG03,Siffleetes Reward,Pegmatite,WG03-092,119Sn,<13.57,2.36,434.87,290.15,4339.28,0.368,966.52,6150.69,630892,,0.0188,0.0432,0.0065,0.035,<0.0123,<0.039,0.31,0.0672,0.05,0.0099,0.0429,0.0096,0.214,0.0359,277.53,18805.79,8.6,0.037,<0.0038,<0.0031,7.63,12.45,0.16,34.06,28.08,447.34,0.025,63.07,394.96,38857.18,,0.0021,0.0034,0.0014,0.0083,0.0061,0.018,0.027,0.0041,0.0085,0.0016,0.0066,0.0016,0.019,0.0029,8.76,594.7,0.31,0.0047,0.0019,0.0013,0.3,13.57,0.0539,0.306,0.113,4.94,0.0076,0.0179,0.00233,0.0871,,0.00159,0.00142,0.0023,0.0106,0.0123,0.039,0.0368,0.00131,0.0113,0.00167,0.00704,0.00211,0.0142,0.00153,0.00763,0.0014,0.0102,0.00381,0.00383,0.00312,0.0023,0,5404,52959,671943,194387,1166,1482477,15539039,226006784,,69,155,26,16,5,0,185,263,34,34,35,35,108,119,262562,55951796,3522,49,6,0,19561
#169537,WG03,Siffleetes Reward,Pegmatite,WG03-097,119Sn,<11.49,1.81,368.87,260.02,3906.41,0.308,863.33,5979.82,556434.56,,0.00242,0.00466,<0.0081,<0.0089,<0.0103,<0.0036,0.292,0.0644,0.0291,0.0087,0.0209,0.0136,0.201,0.0405,238.49,16598.54,9.12,<0.0052,<0.0038,<0.00221,6.68,15.47,0.13,28.89,25.16,402.71,0.021,56.34,383.99,34271.28,,0.00079,0.00087,0.0031,0.0044,0.0044,0.0014,0.024,0.0038,0.005,0.0014,0.0055,0.0015,0.017,0.003,7.52,524.9,0.33,0.0017,0.0014,0.00087,0.26,11.49,0.0456,0.195,0.0958,4.25,0.00621,0.0167,0.00195,0.0735,,0.00115,<0.00000,0.00809,0.00888,0.0103,0.00357,0.0285,0.00109,<0.00000,0.00157,0.0093,<0.00000,0.00972,0.00165,0.00369,0.00562,<0.00000,0.0052,0.00376,0.00221,0.00255,0,4845,52560,704538,204749,1143,1549349,17675962,233224912,,10,19,0,2,0,0,204,294,23,35,20,58,119,158,263990,57781208,4370,0,0,0,20025
#169537,WG03,Siffleetes Reward,Pegmatite,WG03-101,119Sn,<12.52,1.6,342.87,198.85,3083.88,0.269,839.81,4403.82,600717.56,,0.0067,0.0077,0.00121,<0.0138,0.0223,<0.0024,0.36,0.0645,0.0291,0.0064,0.028,0.0077,0.129,0.0287,236.68,13773.26,5.02,0.0112,<0.0028,<0.0033,5.02,14.74,0.11,26.86,19.24,317.93,0.019,54.8,282.79,36998.72,,0.0011,0.0013,0.00065,0.0062,0.0052,0.0013,0.027,0.0039,0.0069,0.0014,0.0051,0.0014,0.013,0.0025,7.47,435.55,0.19,0.0023,0.0012,0.0013,0.19,12.52,0.0489,0.201,0.103,4.49,0.00745,0.0174,0.00215,0.0837,,<0.00000,0.00151,0.00116,0.0138,0.00461,0.00241,0.031,0.00155,0.0111,0.00231,0.00561,0.0018,0.00757,0.00163,0.00703,0.00316,0.0209,<0.00000,0.00279,0.00326,0.0015,0,3977,45376,500412,150124,929,1399789,12090203,233851568,,26,30,5,1,14,4,234,274,21,24,25,30,70,104,243326,44531004,2236,16,1,0,13970
#169537,WG03,Siffleetes Reward,Pegmatite,WG03-104,119Sn,<9.84,1.012,202.63,99.63,1479.89,0.14,587.64,2209.34,478425.59,,<0.00150,0.1932,0.00209,<0.0087,<0.0107,<0.0037,0.277,0.0509,<0.0096,0.00413,0.0088,0.0065,0.102,0.0141,176.31,7239.79,1.959,<0.0057,<0.00193,0.00316,2.446,12.84,0.071,15.88,9.64,152.59,0.01,38.35,141.87,29466.68,,0.00075,0.0096,0.00066,0.0041,0.004,0.0014,0.021,0.0031,0.0045,0.00093,0.0037,0.0011,0.011,0.0015,5.56,228.95,0.081,0.0026,0.00079,0.00098,0.096,9.84,0.0375,0.157,0.0804,3.47,0.00558,0.0123,0.00655,0.0627,,0.0015,<0.00000,0.00104,0.00874,0.0107,0.00373,0.0233,0.00076,0.00962,0.00134,0.0071,0.0014,0.00718,0.00089,0.00629,0.00173,0.0162,0.00566,0.00193,0.00146,0.00232,0,3244,34603,323549,92962,624,1263914,7826934,240331264,,6,973,11,2,0,0,232,279,6,20,10,33,72,66,233892,30204916,1125,5,0,11,8790
#169518,MY02,Moolyella,Pegmatite,MY02_02,119Sn,<76.14,0.74,369.87,197.21,4803.43,0.24,1387.78,4206.79,646864.69,1.063,0.0086,<0.0095,0.0069,<0.026,<0.0177,<0.0051,1.224,0.1927,0.0176,0.008,0.017,0.0081,0.15,0.0292,414.23,16112.95,4.51,<0.0146,<0.00210,<0.0047,11.12,31.01,0.2,29.39,16.84,463.26,0.023,70.53,220.39,25168.96,0.08,0.0024,0.0041,0.0018,0.01,0.0082,0.0022,0.061,0.0091,0.0054,0.0015,0.0044,0.0015,0.017,0.0028,13.13,509.54,0.18,0.0059,0.00099,0.0015,0.37,76.14,0.468,0.903,0.447,20.71,0.0339,0.0603,0.0175,0.162,0.0265,0.0036,0.00951,0.00269,0.0262,0.0177,0.00514,0.0315,0.00125,0.00655,0.00122,0.00483,0.00156,0.016,0.0023,0.00554,0.00243,0.0145,0.0146,0.0021,0.00466,0.00142,0,254,7919,63510,34391,147,434681,2462101,62125772,289,12,6,13,0,2,0,413,453,7,19,10,21,55,75,311709,39135468,1301,0,1,0,32622
#169518,MY02,Moolyella,Pegmatite,MY02_04,119Sn,<86.53,0.79,435.48,170.14,4695.92,0.275,1587.76,4355.82,762599.88,1.55,0.0058,0.0328,0.0048,<0.030,<0.02,<0.00,1.483,0.255,0.0279,0.0049,0.0314,0.0112,0.213,0.0407,458.1,14850.4,4.15,0.032,<0.0034,0.0056,10.25,36.57,0.23,34.6,14.54,452.99,0.026,80.69,228.2,29672.15,0.11,0.0025,0.0043,0.0019,0.013,<0.00,<0.00,0.073,0.012,0.0076,0.0013,0.0066,0.0017,0.021,0.0035,14.52,469.62,0.17,0.0067,0.0015,0.0012,0.34,86.53,0.543,0.895,0.503,24.63,0.0359,0.0825,0.0228,0.197,0.03,0.00471,0.00449,0.00352,0.0297,0.02,<0.00000,0.0383,0.00142,0.0105,0.00138,0.00772,0.00125,0.0128,0.0013,<0.00000,0.00194,0.0231,0.0127,0.00336,<0.00000,0.00197,0,225,7723,45393,27852,140,411990,2111918,60674660,348,6,40,7,2,0,0,414,496,10,9,15,24,65,86,285575,29880370,991,32,1,12,24904
#169518,MY02,Moolyella,Pegmatite,MY02_06,119Sn,<78.20,1.41,480.96,171.39,5205.11,0.373,1527.84,5588.73,728621.44,1.041,0.0421,0.0695,0.0154,0.044,0.0078,<0.0053,1.495,0.261,0.06,0.0111,0.0165,0.0122,0.205,0.0473,372.93,13923.35,7.48,0.144,<0.0034,0.1776,14.51,34.22,0.25,38.23,14.65,502.12,0.032,77.65,292.79,28350.15,0.084,0.005,0.0067,0.0029,0.021,0.0045,0.0021,0.077,0.012,0.011,0.0024,0.0055,0.0019,0.022,0.0041,11.83,440.3,0.29,0.012,0.0017,0.0093,0.48,78.2,0.484,0.818,0.477,22.81,0.035,0.0741,0.0147,0.206,0.0224,0.00215,0.00502,0.00322,0.0383,<0.00000,0.00531,0.035,0.00224,0.00677,0.00334,0.00706,<0.00000,0.00828,0.00168,<0.00000,0.00177,0.0259,0.0124,0.00343,<0.00000,0.00147,0,443,9339,50064,33801,208,434045,2966697,63469592,257,54,93,26,9,2,0,457,557,24,24,9,29,68,110,254528,30672186,1957,160,2,432,38620
#169518,MY02,Moolyella,Pegmatite,MY02_08,119Sn,<62.91,0.85,354.27,130.12,3924.09,0.202,1192.24,3887.59,549737.94,0.754,0.0083,0.0087,0.0039,<0.041,<0.0265,<0.0036,0.995,0.1793,0.0242,0.0057,0.0185,0.0095,0.151,0.0238,315.93,11504.2,4.17,<0.0114,<0.00222,<0.00134,9.56,25.47,0.18,28.13,11.12,378.47,0.021,60.59,203.67,21389.86,0.059,0.0021,0.0027,0.0011,0.015,0.0089,0.0019,0.051,0.0083,0.0056,0.0013,0.0045,0.0014,0.015,0.0023,10.01,363.8,0.17,0.0045,0.00098,0.00063,0.31,62.91,0.394,0.724,0.378,18.3,0.0318,0.0558,0.0123,0.184,0.0132,0.00312,0.00514,0.00134,0.0409,0.0265,0.00363,0.032,0.00108,0.00566,0.00183,0.0059,0.00095,0.012,0.00199,0.00677,0.00148,<0.00000,0.0114,0.00222,0.00134,0.00087,0,338,8775,48479,32503,144,432018,2632221,61080320,237,13,14,8,0,0,3,388,488,12,16,13,29,64,70,275031,32325054,1390,0,1,1,32434
#169518,MY02,Moolyella,Pegmatite,MY02_10,119Sn,<87.24,1.2,494.03,163.94,5206.06,0.327,1598.97,5426.81,778957.38,1.091,0.0098,0.0156,0.004,<0.039,<0.027,<0.0050,1.578,0.277,0.0209,0.0074,0.035,0.0128,0.226,0.041,410.51,14806.25,5.88,<0.0153,<0.0036,<0.00187,13.5,36.83,0.25,39.22,14.01,502.14,0.03,81.26,284.31,30308.61,0.085,0.0027,0.0031,0.0016,0.016,0.01,0.0023,0.076,0.012,0.0054,0.0014,0.0073,0.0019,0.022,0.0034,13.01,468.22,0.23,0.0065,0.0017,0.00081,0.44,87.24,0.554,1.03,0.531,26.25,0.0446,0.0839,<0.00000,0.181,0.0345,0.00433,0.00413,0.00264,0.0386,0.0275,0.00504,0.0315,0.00213,<0.00000,<0.00000,0.0101,0.00133,0.0167,<0.00000,0.00816,<0.00000,<0.00000,0.0153,0.00357,0.00187,0.00567,0,345,8796,43909,30998,167,416510,2641393,62216580,246,11,19,6,1,0,1,443,543,7,14,17,28,69,87,256898,29907136,1409,9,4,0,32937
#169518,MY02,Moolyella,Pegmatite,MY02_12,119Sn,<42.73,0.63,257.99,89.08,2863.85,0.157,808.93,3075.58,376540.25,0.477,<0.0030,0.01,0.00135,<0.0190,<0.0105,0.0018,0.708,0.1231,0.0237,0.00434,0.0142,0.0071,0.113,0.0218,195.86,7787.19,3.77,<0.0146,<0.00196,<0.00112,8.24,17.35,0.13,20.48,7.61,276.2,0.015,41.11,161.13,14650.88,0.038,0.0013,0.0018,0.00071,0.0079,0.0045,0.001,0.036,0.0057,0.0042,0.00083,0.0034,0.001,0.011,0.0018,6.21,246.26,0.15,0.0052,0.00072,0.0004,0.27,42.73,0.272,0.509,0.263,12.82,0.0219,0.0394,0.0073,0.115,0.0111,0.00301,0.00235,0.0013,0.019,0.0105,0.00175,0.0231,0.00128,<0.00000,0.00072,0.00494,0.00092,<0.00000,0.00096,0.00463,<0.00000,0.0121,0.0146,0.00196,0.00112,0.00059,0,367,9338,48505,34667,163,428389,3043379,61142568,219,2,25,4,0,0,2,404,490,18,17,14,32,70,94,249183,31977918,1836,0,0,0,40849
#169518,MY02,Moolyella,Pegmatite,MY02_14,119Sn,<88.69,1.62,545,140.14,5009.68,0.355,1695.38,5197.39,836819.13,1.059,<0.0049,0.0124,0.0044,0.032,<0.027,<0.0070,1.668,0.283,0.0188,0.0055,0.0324,0.0131,0.209,0.0435,455.85,14691.47,4.13,<0.0166,<0.0035,<0.00184,13.9,41.3,0.28,43.29,11.98,483.33,0.031,86.16,272.29,32560.01,0.085,0.0026,0.0032,0.002,0.017,0.011,0.0029,0.084,0.013,0.008,0.0015,0.0076,0.002,0.022,0.0039,14.45,464.6,0.18,0.0069,0.0014,0.00082,0.46,88.69,0.571,0.911,0.545,26.33,0.0364,0.0783,0.0147,0.193,0.0129,0.00494,0.00471,0.00369,0.0311,0.0272,0.00704,0.0508,<0.00000,0.0135,0.00145,0.00993,<0.00000,<0.00000,0.00193,<0.00000,<0.00000,<0.00000,0.0166,0.00353,0.00184,0.00292,0,441,9210,35623,28312,172,419163,2401073,63438840,227,4,14,6,5,0,0,444,526,6,10,15,27,60,88,270766,28166070,939,0,0,0,32176
#169518,MY02,Moolyella,Pegmatite,MY02_16,119Sn,<94.77,2.39,585.25,173.66,6336.47,0.447,1700.61,6919.01,827144.13,1.029,<0.0100,0.0341,0.0111,<0.039,0.0196,<0.0079,1.75,0.286,0.042,0.0098,0.0419,0.0185,0.276,0.0487,415.81,17481.44,8.52,0.0356,<0.0034,0.0049,17.15,41.39,0.33,46.45,14.84,611.09,0.035,86.42,362.48,32183.5,0.081,0.0045,0.0047,0.0022,0.018,0.0087,0.0024,0.085,0.013,0.01,0.0019,0.0079,0.0023,0.025,0.004,13.18,552.82,0.33,0.0083,0.0016,0.0011,0.56,94.77,0.604,1.07,0.594,29.09,0.0384,0.0906,0.019,0.519,0.0251,0.01,0.00592,0.00208,0.0392,0.0137,0.00792,0.0481,0.00236,0.0152,0.00231,0.00911,0.00147,0.0185,0.00153,0.00523,<0.00000,0.0386,0.0173,0.00344,<0.00000,0.00268,0,632,9596,42834,34745,210,407954,3101379,60840948,214,8,38,16,3,4,0,452,515,14,18,19,37,77,95,239636,32518408,1881,33,2,10,38525
#169518,MY02,Moolyella,Pegmatite,MY02_18,119Sn,<73.58,2.15,544.38,185,6495.89,0.407,1503.59,6937.22,648150.56,0.791,<0.0044,0.0116,<0.0040,<0.031,<0.024,<0.0062,1.364,0.222,0.0367,0.0066,0.0351,0.017,0.303,0.056,358.09,17516.76,10.72,<0.0134,0.0278,<0.00200,18.16,29.8,0.28,43.18,15.8,626.32,0.031,76.41,363.43,25218.99,0.064,0.0022,0.0027,0.0019,0.014,0.01,0.0026,0.067,0.01,0.0074,0.0013,0.0071,0.002,0.024,0.004,11.35,553.94,0.4,0.0051,0.0032,0.00095,0.6,73.58,0.48,0.739,0.459,22.89,0.0352,0.0747,0.0168,0.209,0.0228,0.00438,0.00417,0.00401,0.0308,0.0241,0.00624,0.0411,0.00228,0.00689,<0.00000,0.0102,<0.00000,0.0119,0.00242,0.00583,0.00181,0.0152,0.0134,0.00312,0.002,0.00183,0,722,11333,57936,45225,243,457959,3948091,60531476,209,5,16,7,3,0,0,447,508,16,15,20,44,108,139,262027,41371032,3005,0,53,3,51816
#169518,MY02,Moolyella,Pegmatite,MY02_20,119Sn,<85.87,1.75,526.7,136.1,5076.46,0.324,1483.41,5097.99,781854,0.888,0.0084,0.0153,0.0082,<0.053,<0.028,<0.0052,1.546,0.286,0.0368,0.0088,0.02,0.0111,0.211,0.0396,394.03,13967.5,5.56,0.0434,<0.0041,<0.00191,11.16,34.86,0.28,41.81,11.63,489.66,0.029,75.39,267.08,30421.32,0.072,0.003,0.0032,0.0021,0.021,0.013,0.0018,0.076,0.013,0.0092,0.0016,0.0046,0.0017,0.021,0.0034,12.49,441.7,0.22,0.0079,0.002,0.00087,0.37,85.87,0.556,0.928,0.547,27.35,0.0404,0.0843,0.00876,0.245,0.0326,0.00572,0.00488,0.00331,0.0535,0.0281,0.00516,0.0456,0.00344,0.014,0.0015,<0.00000,0.00136,0.0171,0.002,0.00482,<0.00000,0.0178,0.0153,0.00408,0.00191,0.00175,0,504,9378,36452,30228,166,386427,2481473,62451080,200,9,18,12,0,4,0,434,559,13,17,10,24,64,84,246598,28214350,1332,44,6,1,27219
#169504,GB01,Greenbushes,Pegmatite,GB01_02,119Sn,<107.32,222.03,2883.1,788.35,11329.44,0.166,1463.54,11227.41,952305.06,38.16,<0.0065,0.0228,<0.0059,<0.065,<0.028,<0.0104,1.977,0.325,0.0259,<0.0038,<0.0130,0.0039,0.049,0.0064,410.63,47235.21,88.19,0.102,0.0197,0.1045,24.35,43.09,19.52,228.05,67.31,1092.18,0.027,74.38,588.19,37053.3,2.36,0.0031,0.0046,0.0027,0.024,0.013,0.0036,0.096,0.015,0.0089,0.0018,0.0055,0.0014,0.011,0.0017,13.02,1493.72,3.09,0.011,0.004,0.0067,0.8,107.32,0.722,1.03,0.739,35.75,0.0528,0.116,0.0111,0.225,0.0293,0.0065,0.00758,0.00595,0.0647,0.0276,0.0104,0.0609,0.00339,0.0145,0.00381,0.013,0.00243,0.0125,0.00254,0.00865,0.00268,<0.00000,0.0168,0.00696,0.00343,0.0105,0,49221,39548,162662,51969,65,293695,4209937,58597084,6655,5,21,4,0,3,0,427,489,7,4,1,6,11,10,197969,73502656,16292,80,25,179,45761
#169504,GB01,Greenbushes,Pegmatite,GB01_03,119Sn,<46.27,92.42,1500.53,277.56,5209.23,0.055,655.35,4843.98,403822.19,20.56,<0.0035,0.0124,<0.0028,<0.0236,<0.0120,<0.0029,0.771,0.126,<0.0063,<0.00144,<0.0066,0.00122,0.0147,0.00396,187.02,21595.76,37.08,0.0472,0.0132,0.0825,14.77,18.62,8.12,118.67,23.7,502.18,0.011,33.31,253.77,15712.35,1.27,0.0016,0.0018,0.0012,0.0087,0.0056,0.0012,0.039,0.006,0.0033,0.00065,0.003,0.00059,0.0049,0.00087,5.93,682.92,1.3,0.0053,0.0017,0.0043,0.48,46.27,0.31,0.513,0.305,15.81,0.023,0.0508,0.00685,0.129,0.0104,0.00347,0.00135,0.0028,0.0236,0.012,0.00285,0.0272,0.00085,0.0063,0.00144,0.00656,0.00106,0.0077,0.0011,<0.00000,0.00117,0.0688,0.00864,0.00143,<0.00000,0.00118,0,47042,47259,131491,54864,49,301958,4170389,57051616,8234,5,27,2,0,2,0,382,436,4,2,3,4,7,14,207016,77158456,15725,85,38,325,63721
#169504,GB01,Greenbushes,Pegmatite,GB01_04,119Sn,<13.57,41.34,531.83,336.51,2112.36,0.1013,214.33,2496.9,111182.27,11.26,0.06,0.0999,0.01009,0.0148,0.0243,<0.00134,0.252,0.0418,0.0251,0.0024,0.0054,0.0015,0.0122,0.00247,53.48,8996.76,31.93,0.533,0.0425,0.1457,11.54,5.46,3.63,42.06,28.73,203.6,0.0071,10.89,130.81,4326,0.69,0.003,0.0043,0.00089,0.0049,0.0031,0.00047,0.013,0.002,0.0026,0.00039,0.0011,0.00028,0.0021,0.00037,1.7,284.5,1.11,0.019,0.0022,0.0055,0.38,13.57,0.0918,0.142,0.0893,4.59,0.00677,0.0158,0.00203,0.0304,0.00379,0.00103,0.00113,0.00083,0.0103,<0.00000,0.00134,0.00827,0.00091,<0.00000,0.00049,0.00097,0.00031,0.00229,0.0004,0.00112,0.00049,<0.00000,0.00279,0.0006,0.00022,0.00045,73,72452,57680,548972,76611,316,340068,7402615,54090812,15526,430,752,96,16,35,0,430,498,57,29,16,20,22,32,203867,110690776,46638,3317,426,1982,171559
#169504,GB01,Greenbushes,Pegmatite,GB01_05,119Sn,<187.63,229.99,3747.93,1546.26,9360.47,5.04,3794.05,15911.05,1790810.5,433.39,0.17,0.217,0.0269,<0.104,0.09,0.0071,3.71,0.735,0.707,0.0838,0.285,0.0478,0.523,0.0496,672.35,24138.52,140.47,1.018,0.171,2.349,65.23,77.53,20.23,296.62,132.02,903.35,0.28,192.82,833.56,69679.24,26.55,0.015,0.017,0.0054,0.048,0.032,0.0034,0.19,0.032,0.056,0.0081,0.03,0.0055,0.052,0.0059,21.33,763.35,4.94,0.052,0.013,0.088,2.14,187.63,1.27,1.71,1.23,63.36,0.0959,0.225,0.0189,0.475,0.249,0.0078,0.00744,0.00583,0.104,0.0542,<0.00000,0.131,0.00332,0.0246,0.00458,0.0181,<0.00000,0.0368,0.00305,0.0345,<0.00000,0.0384,0.0337,<0.00000,0.00412,0.00377,7,27558,27789,172452,23208,1075,411541,3224873,59561736,40856,83,111,17,4,9,2,433,598,110,70,60,44,66,44,175210,20303248,14026,432,117,2184,66272
#169504,GB01,Greenbushes,Pegmatite,GB01_07,119Sn,<146.14,398.05,5346.49,3829.77,20051.93,0.632,2154.51,25208.65,1191588.38,149.68,<0.0112,<0.0257,<0.0123,0.081,0.046,0.0108,2.55,0.414,0.149,0.0127,0.041,0.0068,0.126,0.0139,542.33,84202.28,344.97,0.208,0.0777,0.531,50.96,58.33,34.98,422.8,326.93,1932.79,0.055,109.5,1320.63,46363.59,9.18,0.0045,0.0092,0.0048,0.026,0.018,0.0043,0.13,0.019,0.023,0.0031,0.01,0.0022,0.022,0.0033,17.2,2662.72,11.99,0.018,0.0072,0.023,1.67,146.14,0.999,1.65,0.979,50.24,0.0727,0.158,0.0382,0.356,0.0475,0.0112,0.0257,0.0123,0.0406,0.0317,0.0065,0.0897,0.00549,0.0321,0.00463,0.015,0.00342,0.0248,0.00563,0.0192,0.00652,<0.00000,0.0252,0.00325,0.0034,0.00492,0,64280,53424,575638,67004,181,314956,6885804,53411548,19016,0,0,0,8,6,5,401,454,31,14,11,8,21,16,190466,95448696,46421,119,71,665,69769
#169504,GB01,Greenbushes,Pegmatite,GB01_08,119Sn,<20.25,58.26,734.41,586.89,2841.08,0.0815,307.78,3633.5,182239.22,23.58,0.00158,0.0067,0.00118,0.0115,0.0063,<0.00193,0.374,0.0605,0.0184,0.00234,0.0067,0.00126,0.0178,0.00351,77.87,12016.28,49.82,0.0421,0.0149,0.0855,7.06,8.32,5.12,58.08,50.1,273.86,0.0078,15.64,190.35,7090.76,1.45,0.00074,0.001,0.00045,0.0053,0.0026,0.00069,0.019,0.0028,0.0031,0.00041,0.0015,0.00031,0.003,0.00051,2.47,379.99,1.73,0.0031,0.0013,0.0037,0.23,20.25,0.138,0.286,0.135,6.96,0.0116,0.0229,0.00358,0.152,<0.00000,0.00148,0.00129,0.00078,0.0108,0.0042,0.00193,0.0108,0.00036,0.0038,<0.00000,0.0014,0.00032,0.00233,0.00033,0.00161,0.0005,<0.00000,0.0032,0.00061,0.00032,0.00051,0,65075,50763,610193,65670,162,311233,6865412,56505088,20723,7,32,7,8,5,0,408,460,26,18,13,10,21,29,189184,94222168,46370,167,95,741,66908
#169504,GB01,Greenbushes,Pegmatite,GB01_11,119Sn,<97.46,133.98,1975.02,750.04,6246.45,0.181,1102.5,6392.32,973168.5,140.4,0.0109,0.0144,0.009,<0.061,<0.025,<0.0072,1.921,0.33,0.0274,<0.0038,0.0202,0.0034,0.073,0.0082,345.77,27078.58,42.24,0.277,0.55,0.1481,11.26,40.33,11.78,156.3,64.04,602.54,0.027,56.04,334.89,37865.14,8.61,0.0025,0.0028,0.0023,0.023,0.011,0.003,0.094,0.015,0.0088,0.0017,0.0065,0.0012,0.014,0.0017,10.97,856.31,1.5,0.018,0.025,0.0091,0.37,97.46,0.673,0.987,0.66,33.67,0.049,0.117,0.0265,0.323,0.0264,<0.00000,<0.00000,0.00309,0.0611,0.0249,0.00722,0.0535,<0.00000,0.013,0.00384,0.0096,0.00155,0.0113,0.00161,<0.00000,0.00935,0.0203,0.0179,0.00467,0.00913,0.00316,0,30912,28196,161065,29821,74,230262,2494628,62321664,25483,10,14,11,0,0,0,432,517,8,1,8,6,18,14,173495,43854488,8121,226,728,265,22030
#169504,GB01,Greenbushes,Pegmatite,GB01_12,119Sn,<67.10,121.44,1588.05,541.48,5638.8,5.04,1521.82,5472.13,648431.56,47.62,<0.0049,0.0145,<0.0042,<0.025,<0.0171,<0.0049,1.339,0.281,0.639,0.1143,0.318,0.0687,0.744,0.1176,324.68,24147.35,39.55,0.312,0.519,0.963,40.62,27.65,10.68,125.65,46.23,543.76,0.26,77.34,286.68,25229.89,2.93,0.0024,0.0034,0.0019,0.012,0.0075,0.0022,0.066,0.012,0.035,0.0063,0.02,0.0044,0.042,0.0063,10.29,763.61,1.4,0.016,0.022,0.036,1.33,67.1,0.464,0.714,0.464,23.31,0.0309,0.0811,0.0137,0.151,0.0148,0.00491,0.00573,0.00424,0.0253,0.0171,0.00495,0.0394,0.00241,0.00892,<0.00000,0.00657,0.0015,0.0109,0.00156,0.02,0.00165,<0.00000,0.00566,<0.00000,0.00183,0.00137,0,40908,33101,169771,39304,3021,464054,3117921,60628540,12620,6,20,3,4,0,0,440,644,279,268,188,179,266,293,237856,57097824,11100,373,1002,2516,116013
#169504,GB01,Greenbushes,Pegmatite,GB01_13,119Sn,<46.54,90.29,1281.95,355.87,4699.99,0.065,632.82,4527.24,437341.16,20.43,<0.0035,0.006,0.003,0.034,<0.0156,<0.0035,0.88,0.1558,0.0082,0.00158,0.0048,0.00308,0.0275,<0.0055,176.97,19847.62,34.58,0.0508,0.0151,0.0758,8.67,19.19,7.94,101.41,30.38,453.13,0.012,32.16,237.18,17016.54,1.26,0.0016,0.002,0.0012,0.012,0.0069,0.0011,0.044,0.0071,0.0032,0.00076,0.0025,0.00084,0.0062,0.0019,5.61,627.64,1.21,0.0051,0.0019,0.0042,0.28,46.54,0.31,0.515,0.318,16.17,0.0229,0.0506,0.00687,0.122,0.0553,0.00348,0.00383,0.00237,0.0219,0.0156,0.0035,0.026,0.00209,0.00447,0.00144,0.00466,0.0013,0.00773,0.00554,0.00535,0.00117,0.0197,0.00676,0.00143,0.0013,0.00153,0,44797,39354,164330,48249,57,284202,3799129,60224756,7972,4,12,8,10,2,0,426,526,5,5,4,11,14,0,190943,69119456,14297,89,43,291,36457
#169504,GB01,Greenbushes,Pegmatite,GB01_14,119Sn,<65.14,135.32,1887.9,660.38,7207.25,0.174,923.43,7110.31,608775,45.96,<0.0057,0.0138,0.0062,<0.077,<0.0171,0.0045,1.231,0.2106,0.0362,<0.0029,0.013,<0.0026,0.0343,0.0049,262.94,29665.48,53.26,0.0869,0.0204,0.179,12.75,27.24,11.9,149.33,56.38,694.82,0.02,46.93,372.5,23686.88,2.83,0.0027,0.003,0.0017,0.027,0.0065,0.0019,0.061,0.0097,0.0084,0.0014,0.0034,0.0012,0.0089,0.0013,8.34,938.11,1.87,0.0083,0.0028,0.0085,0.42,65.14,0.45,0.842,0.429,22.68,0.0334,0.0804,0.0119,0.126,0.0314,0.00569,0.00469,0.0026,0.0771,0.0171,0.00287,0.0377,0.0021,0.0127,0.00289,<0.00000,0.00261,0.0134,0.00192,0.00379,<0.00000,0.0198,0.0118,0.00321,0.00106,<0.00000,0,48444,41821,220048,53390,111,299264,4305686,60494320,12945,6,21,12,0,0,4,430,513,16,5,8,3,13,13,204723,74549784,15887,110,41,497,38689
#169527,MF01,Mount Francisco,Pegmatite,MF01_01,119Sn,<61.98,20.34,1272.38,40.83,1079.48,0.268,606.52,663.79,653397.13,0.479,<0.0067,<0.0184,<0.0037,<0.038,<0.024,<0.0040,1.297,0.201,0.0171,0.0068,0.0414,0.0152,0.167,0.0261,202.31,5394.53,0.487,0.0166,<0.0052,0.0053,0.1207,27.13,1.81,100.76,3.5,105.07,0.028,30.84,34.79,25423.51,0.047,0.003,0.0065,0.002,0.016,0.012,0.002,0.07,0.01,0.006,0.0016,0.008,0.0021,0.02,0.003,6.42,170.6,0.041,0.0062,0.0019,0.0012,0.0068,61.98,0.459,0.728,0.48,24.31,0.0398,0.0813,0.0138,0.173,0.0148,0.00666,0.0184,0.00368,0.038,0.0242,0.00405,0.0395,0.00121,0.00633,0.00167,0.00807,0.00106,0.0155,0.00222,0.00535,0.00234,0.0279,0.012,0.00517,<0.00000,0.00168,0,6976,27010,13036,7663,163,188361,385194,62220192,129,1,0,6,0,3,1,434,469,7,16,25,40,60,66,150943,12991062,139,20,0,14,351
#169527,MF01,Mount Francisco,Pegmatite,MF01_02,119Sn,<81.54,29.58,4388.9,120.2,3745.35,1.591,824.55,2108.25,802622.94,0.7,0.0072,0.0202,0.0119,<0.053,<0.028,0.0322,1.676,0.296,0.276,0.0325,0.065,0.031,0.33,0.0662,242.05,16660.35,2.86,0.171,0.0049,0.43,7.23,34.52,2.62,347.07,10.28,361.75,0.095,41.92,110.46,31229.5,0.065,0.003,0.0055,0.0027,0.022,0.014,0.0057,0.089,0.014,0.026,0.0039,0.011,0.0034,0.032,0.0054,7.68,526.86,0.14,0.014,0.0026,0.019,0.24,81.54,0.594,0.985,0.622,32.46,0.0467,0.108,0.0193,0.311,0.0146,0.00487,0.01,0.00297,0.0532,0.0277,0.00401,0.0515,0.00239,0.0153,0.0033,0.0131,0.00149,0.0217,0.00311,0.0053,0.00232,<0.00000,0.0142,0.00492,0.00257,0.00136,0,8110,74467,30677,21250,776,204669,977827,61088028,150,8,23,17,0,4,25,448,552,98,62,31,65,96,134,144343,32067548,653,166,7,915,16807
#169527,MF01,Mount Francisco,Pegmatite,MF01_03,119Sn,<100.02,41.98,5072.56,101.97,3307.51,0.717,987.38,2438.73,1071565.5,0.795,0.0144,0.0207,0.0081,<0.055,<0.028,<0.0094,2.08,0.34,0.057,0.0078,0.0337,0.0212,0.271,0.0543,249.72,13790.92,2.55,0.506,<0.0066,<0.0136,4.31,43.89,3.72,401.17,8.73,319.95,0.058,50.2,127.78,41694.02,0.078,0.0053,0.0049,0.0027,0.027,0.013,0.0043,0.11,0.017,0.012,0.0027,0.0087,0.0031,0.031,0.0053,7.93,436.12,0.13,0.029,0.0032,0.0046,0.15,100.02,0.746,1.17,0.744,39.41,0.0615,0.132,0.0195,0.329,0.0484,0.00931,0.00627,0.00348,0.0548,0.028,0.00938,0.0662,0.00343,<0.00000,0.00432,0.00763,<0.00000,0.0179,0.00257,0.00876,0.00271,<0.00000,0.0197,0.00664,0.0136,0.00355,346,8795,65766,19885,14340,267,187279,864316,62320692,131,12,18,9,4,0,0,424,485,15,11,12,34,60,84,113794,20283546,445,376,3,0,7655
#169527,MF01,Mount Francisco,Pegmatite,MF01_04,119Sn,<72.57,4.03,1700.6,166.9,4389.06,0.146,2021.82,5305.09,741204.13,0.495,<0.0054,0.0123,0.0071,0.041,<0.0239,<0.0035,1.44,0.259,<0.0132,<0.0028,<0.0098,0.00159,0.0292,<0.00232,451.85,14064.62,10.07,0.0175,<0.0030,0.00193,11.86,29.95,0.42,134.56,14.26,423.46,0.022,102.74,277.93,28839.67,0.047,0.0023,0.0028,0.0024,0.017,0.0094,0.0013,0.072,0.012,0.0065,0.0013,0.0043,0.0008,0.008,0.00097,14.32,444.77,0.38,0.0049,0.0015,0.00085,0.39,72.57,0.537,0.865,0.562,27.99,0.0414,0.105,0.0186,0.232,0.031,0.00543,0.00401,0.00445,0.0342,0.0239,0.00346,0.0478,0.00207,0.0132,0.00285,0.00975,0.00129,0.00935,0.00232,0.0152,0.00283,0.0169,0.00971,0.003,0.00128,0.00117,0,1193,31204,46065,26931,76,542725,2660929,61007376,115,1,15,11,7,0,0,416,522,3,3,1,3,9,0,291398,29275860,2488,18,4,4,29819
#169527,MF01,Mount Francisco,Pegmatite,MF01_05,119Sn,<58.62,3.57,1313.65,122.28,3212.99,0.07,1406.81,3901.84,615863.06,0.506,<0.0059,0.0073,<0.0051,<0.037,<0.0235,<0.0039,1.273,0.2053,0.013,<0.0028,<0.0078,0.00213,<0.0184,0.00321,325.72,10497.7,8.6,0.15,0.0029,0.00112,8.16,23.92,0.36,103.95,10.45,310.06,0.018,71.49,204.42,23962.76,0.044,0.0026,0.0022,0.0022,0.015,0.0079,0.0017,0.061,0.0093,0.0058,0.0012,0.0033,0.00076,0.0075,0.0008,10.33,331.97,0.32,0.01,0.001,0.00046,0.27,58.62,0.426,0.659,0.44,23.1,0.0384,0.0744,0.0149,0.248,0.0176,0.00586,0.00372,0.00506,0.0369,0.0235,0.00394,0.0328,<0.00000,0.0106,0.00281,0.00784,0.00103,0.0184,<0.00000,0.0052,0.00161,<0.00000,0.0101,0.00139,<0.00000,0.00094,306,1286,29320,41052,23981,44,459354,2380601,61660156,143,4,11,4,1,0,0,448,503,6,2,0,5,0,8,255508,26579796,2584,191,5,3,24963
#169527,MF01,Mount Francisco,Pegmatite,MF01_06,119Sn,<61.97,3.9,1565.27,138.12,3777.54,0.125,1552.4,4831.46,650344.63,<0.193,<0.0057,0.0094,<0.0050,<0.031,<0.0223,<0.0076,1.193,0.2159,0.0153,0.00193,0.0167,<0.00152,0.0149,0.0053,339.42,10965.63,12.37,0.0173,<0.0025,<0.00107,9.04,25.66,0.4,123.85,11.8,364.48,0.018,78.89,253.12,25304.42,0.085,0.0024,0.0023,0.0021,0.015,0.0083,0.0025,0.06,0.0099,0.0073,0.00082,0.0058,0.00081,0.0057,0.0012,10.76,346.77,0.45,0.0045,0.0011,0.00048,0.3,61.97,0.449,0.747,0.467,24.59,0.0333,0.074,0.0155,0.236,0.193,0.00574,0.00335,0.00503,0.0313,0.0223,0.00765,0.0351,<0.00000,0.0143,0.00119,0.0105,0.00152,0.00781,0.00112,0.0054,0.00167,<0.00000,0.00844,0.00251,0.00107,0.00139,0,1324,32914,43687,26563,75,477559,2777186,61344340,0,1,13,0,4,0,0,395,499,6,4,10,3,5,13,250848,26157836,3501,20,1,0,26052
#169527,MF01,Mount Francisco,Pegmatite,MF01_07,119Sn,<60.56,3.57,1519.44,146.81,4014.28,0.091,1492.56,4806.3,620574.38,0.413,0.0067,0.0044,<0.0048,<0.055,<0.0142,<0.0065,1.096,0.1977,<0.0129,0.0029,<0.0067,<0.00,<0.0136,0.003,324.53,11495.37,14.26,<0.031,<0.0053,<0.00187,9.38,24.56,0.37,120.21,12.54,387.22,0.017,75.85,251.8,24146.05,0.039,0.0025,0.0016,0.002,0.019,0.007,0.0025,0.056,0.0091,0.0061,0.0011,0.0032,<0.00,0.006,0.0011,10.29,363.52,0.52,0.011,0.0019,0.00076,0.31,60.56,0.436,0.753,0.445,23.44,0.0358,0.0751,0.0221,0.176,0.0281,0.00501,0.00275,0.00483,0.0546,0.0142,0.00651,0.0437,0.00246,0.0129,0.00208,0.0067,0.00216,0.0136,0.00195,0.0128,0.00169,<0.00000,0.0306,0.00526,0.00187,0.00369,0,1286,33881,49243,29934,58,486907,2929724,62074596,117,9,6,2,0,3,0,385,484,4,7,2,0,1,7,254345,29079056,4282,0,0,0,28646
#169527,MF01,Mount Francisco,Pegmatite,MF01_09,119Sn,<88.95,4.44,2037.54,177.58,5024.42,0.127,2022.26,5836.09,877572.81,0.55,<0.0085,0.0079,0.0056,<0.046,<0.026,<0.0043,1.739,0.301,0.0071,<0.0025,<0.0099,0.0034,0.0276,<0.0029,465.8,14585.53,14.89,<0.0134,<0.0043,<0.00159,9.68,35.4,0.48,161.21,15.17,484.79,0.026,102.77,305.75,34145.69,0.051,0.0035,0.002,0.0019,0.019,0.01,0.0022,0.087,0.014,0.0034,0.0012,0.0036,0.0011,0.0087,0.0012,14.77,461.24,0.55,0.0057,0.0018,0.00081,0.32,88.95,0.646,0.954,0.681,35.22,0.0553,0.103,0.0272,0.28,<0.00000,0.0085,<0.00000,0.00318,0.0464,0.0256,0.00428,0.0643,0.00181,<0.00000,0.00249,0.00986,0.00159,0.0116,0.00287,<0.00000,<0.00000,<0.00000,0.0134,0.00429,0.00159,0.00205,0,1088,30891,40497,25473,55,448536,2418722,59683012,106,2,8,7,0,0,1,415,501,2,2,0,6,7,1,248204,25085740,3039,6,0,1,20099
#169527,MF01,Mount Francisco,Pegmatite,MF01_10,119Sn,<92.93,4.18,2012.85,155.21,4435.18,0.118,1919.41,5174.06,950578,0.604,0.0119,0.0177,<0.0057,<0.056,<0.031,<0.0077,1.815,0.305,0.0415,0.0032,<0.0162,<0.0023,<0.0120,0.003,444.88,13358.29,12.53,<0.0184,<0.0032,<0.0029,8.34,37.63,0.47,159.28,13.27,428.12,0.026,97.54,271.07,36986.31,0.056,0.004,0.0033,0.0025,0.023,0.013,0.0032,0.091,0.014,0.0086,0.0013,0.0065,0.0011,0.0052,0.0015,14.1,422.44,0.47,0.0075,0.0014,0.0011,0.28,92.93,0.683,0.993,0.694,36.39,0.0543,0.166,0.0186,0.48,<0.00000,0.00766,0.00298,0.00573,0.0558,0.0307,0.00772,0.0616,0.00326,<0.00000,0.00184,0.0162,0.00234,0.012,0.00299,0.00833,<0.00000,0.0307,0.0184,0.00316,0.00286,0.00302,0,983,29318,34005,21602,49,408996,2060092,62107824,111,11,17,2,0,1,0,417,488,12,5,0,2,0,5,227744,22072260,2457,2,0,0,16636
#169527,MF01,Mount Francisco,Pegmatite,MF01_11,119Sn,<104.11,4.45,2242.98,149.14,4524.72,0.174,2136.27,5619.03,1060523.75,0.703,<0.0116,<0.053,<0.0078,<0.054,0.054,<0.0050,2.14,0.351,<0.025,<0.0029,<0.0140,<0.0032,<0.0190,<0.0039,470.91,13005.13,13.76,<0.0161,<0.0061,<0.00,9.23,41.77,0.5,177.49,12.75,436.86,0.028,108.57,294.38,41264.27,0.065,0.0046,0.02,0.0034,0.021,0.013,0.0026,0.1,0.016,0.01,0.0015,0.0063,0.0014,0.0091,0.0016,14.93,411.27,0.52,0.0071,0.0021,<0.00,0.31,104.11,0.753,1.2,0.783,41.07,0.0527,0.138,0.227,0.349,0.0363,0.0116,0.0533,0.00783,0.0539,<0.00000,0.00498,0.0655,0.00297,0.0246,0.0029,0.014,0.0032,0.019,0.00385,0.00657,0.05,0.0543,0.0161,0.0061,<0.00000,0.00238,0,918,28623,28628,19308,63,398819,1960134,60708368,114,0,0,3,0,9,1,430,492,0,3,2,1,2,0,211208,18826962,2364,8,0,0,16142
#169527,MF01,Mount Francisco,Pegmatite,MF01_12,119Sn,<60.88,2.86,1406.33,122.16,3517.02,0.059,1480.8,3788.91,634656.19,0.456,<0.0055,0.0082,0.0029,<0.054,<0.0176,<0.0059,1.193,0.2193,0.0106,<0.00172,<0.01,0.00124,0.02,<0.00162,368.27,11204.02,7.89,<0.0083,<0.0030,0.00123,6.21,24.18,0.31,111.27,10.44,339.34,0.017,75.25,198.5,24693.97,0.041,0.0023,0.0024,0.0014,0.02,0.0074,0.0022,0.06,0.0098,0.0043,0.00063,<0.00,0.00065,0.0052,0.00068,11.67,354.31,0.3,0.0037,0.0012,0.00064,0.2,60.88,0.45,0.75,0.447,23.98,0.0375,0.0749,0.01,0.167,0.0187,0.00547,0.00441,0.00268,0.0538,0.0176,0.0059,0.0459,<0.00000,0.00651,0.00172,0.0096,0.0011,<0.00000,0.00162,<0.00000,<0.00000,<0.00000,0.00827,0.00295,0.00109,0.00141,0,1017,30970,40467,25900,37,477077,2280913,62695496,127,1,12,5,0,1,0,414,531,4,0,0,3,7,0,285045,27990378,2340,9,1,3,18725
#169505,GB04,Greenbushes,Pegmatite,GB04A_01,119Sn,<14.17,22.98,364.34,549.82,1816.49,0.0077,246.27,1407.98,209962.83,30.74,<0.00085,0.00139,<0.00044,0.0045,<0.0120,<0.00151,0.447,0.0687,<0.0030,<0.00237,<0.0028,0.0069,0.0063,0.0034,88.38,11186.36,19.65,0.0507,0.972,0.0852,4.46,8.75,3.27,46.14,69.26,246.53,0.0045,15.74,86.57,9855.68,1.82,0.00026,0.00079,0.00031,0.0036,0.0049,0.00092,0.031,0.0046,0.0022,0.00087,0.0014,0.0012,0.0036,0.00085,2.95,353.75,0.74,0.005,0.038,0.0049,0.17,14.17,0.0865,0.269,0.146,5.73,0.00724,0.0183,0.00282,0.0326,0.00555,0.00085,0.00081,0.00044,0.00373,0.012,0.00151,0.0093,0.00041,0.00301,0.00237,0.00279,<0.00000,0.00367,0.00037,0.00251,0.0023,<0.00000,0.0011,0.00048,0.00035,0.00074,0,18467,18002,439460,30418,20,311858,3312784,90763936,36740,0,8,1,4,0,1,528,559,2,0,0,63,8,30,233239,94204816,20332,215,6669,809,44631
#169505,GB04,Greenbushes,Pegmatite,GB04A_02,119Sn,<9.17,9.92,157.4,191.13,753.54,0.0075,117.79,581.64,121574.55,17.44,<0.00056,0.00019,0.00071,<0.00,<0.00,<0.00058,0.225,0.0363,<0.00199,0.0002,0.00191,<0.00034,<0.0024,0.00091,44.83,4838.3,5.74,0.0274,0.00786,0.0237,1.469,5.5,1.41,19.9,24.07,102.19,0.002,7.52,35.76,5706.69,1.03,0.00024,0.00011,0.00027,<0.00,<0.00,0.00021,0.012,0.0018,0.00099,0.0001,0.00059,0.00013,0.0011,0.00022,1.49,153,0.22,0.0018,0.00076,0.0013,0.056,9.17,0.0608,0.62,0.097,3.81,0.00419,0.00867,<0.00000,0.0238,0.00184,0.00056,<0.00000,0.0005,<0.00000,<0.00000,0.00058,0.00454,0.00047,0.00199,<0.00000,<0.00000,0.00034,0.00243,0.00025,0.00083,0.00074,<0.00000,<0.00000,0.00064,<0.00000,0.00022,0,12689,12373,243047,20076,31,237312,2177269,83613192,33150,0,1,8,0,0,0,423,470,3,2,6,0,1,12,188216,64824356,9452,185,85,358,23400
#169505,GB04,Greenbushes,Pegmatite,GB04A_03,119Sn,<24.10,23.49,2841.19,459.9,2006.7,0.127,303.67,1402.76,322941,19.24,0.1355,0.258,0.0347,0.171,0.0394,0.0108,0.647,0.097,0.0344,0.00423,0.0218,0.0159,0.0309,0.00515,120.71,13040.45,25.04,0.857,0.286,0.1694,2.96,10.05,3.34,358.8,57.93,272.17,0.012,19.4,86.25,15158.82,1.14,0.0075,0.012,0.0026,0.016,0.0069,0.0018,0.035,0.005,0.0053,0.00086,0.0039,0.0015,0.0062,0.00081,4.02,412.38,0.93,0.034,0.012,0.0073,0.11,24.1,0.16,0.468,0.25,10.37,0.0126,0.0288,0.00347,0.0654,0.0108,<0.00000,<0.00000,0.00076,0.00649,0.00716,<0.00000,0.0169,<0.00000,0.00371,0.00099,0.00397,<0.00000,0.00783,<0.00000,0.00309,0.00376,0.00789,0.00271,0.00146,<0.00000,0.001,0,10845,80632,211129,19300,194,220861,1895653,80181240,13208,428,851,151,87,25,23,439,453,30,20,25,83,22,26,182981,63074764,14883,2094,1127,924,17043
#169505,GB04,Greenbushes,Pegmatite,GB04A_04,119Sn,<23.65,24.77,433.2,456.9,1976.36,<0.0097,324.15,1523.46,350924.53,45.82,<0.00173,<0.00214,0.0008,<0.0107,<0.0048,<0.00145,0.68,0.1032,0.0073,<0.00066,<0.0038,<0.00,0.0038,<0.0034,128.62,13093.42,12.86,0.0527,0.1752,0.0819,3.72,12.75,3.52,54.78,57.55,268.05,0.0044,20.71,93.67,16472.36,2.7,0.00072,0.00077,0.00045,0.0049,0.0022,0.00067,0.035,0.0053,0.0023,0.00031,0.002,<0.00,0.0018,0.0011,4.28,414.05,0.49,0.0042,0.0082,0.0042,0.14,23.65,0.154,0.295,0.253,10.12,0.00966,0.0268,0.00662,0.0742,0.00798,0.00173,0.00214,0.00072,0.0107,0.00482,0.00145,0.00465,<0.00000,<0.00000,0.00066,0.00378,<0.00000,<0.00000,0.00343,<0.00000,0.00092,0.00752,0.00224,<0.00000,0.00058,<0.00000,0,11704,12585,214712,19458,13,241331,2107451,89189864,32196,0,0,3,2,0,0,472,494,6,0,3,0,2,0,199571,64828868,7823,131,706,457,21898
#169505,GB04,Greenbushes,Pegmatite,GB04A_05,119Sn,<19.41,26.32,443.92,461.95,2224.76,0.0168,325.17,1583.18,332806.88,21.56,0.0016,0.00167,<0.00112,<0.0083,<0.0037,<0.00,0.598,0.1073,<0.00,<0.00145,0.0058,0.00052,0.0094,<0.00151,131.38,14638.5,20.73,0.0724,0.016,0.0958,4.11,10.23,3.75,56.18,58.19,301.82,0.0052,20.78,97.34,15621.94,1.28,0.00087,0.00093,0.00067,0.0034,0.0021,<0.00,0.036,0.006,<0.00,0.00065,0.0021,0.0003,0.0035,0.00084,4.38,462.92,0.78,0.0058,0.0021,0.0052,0.16,19.41,0.129,0.334,0.205,8.12,0.00812,0.0199,0.00443,0.0502,0.00943,0.00109,0.00128,0.00112,0.00829,0.00373,<0.00000,0.00805,<0.00000,<0.00000,0.00145,<0.00000,<0.00000,<0.00000,0.00151,0.00161,0.00189,0.0101,<0.00000,0.00088,0.00078,0.0048,0,13730,14235,239621,24178,29,267231,2417453,93367080,16719,5,6,3,0,0,0,458,567,0,0,7,3,7,5,225023,80003968,13920,199,71,590,26739
#169506,GB04,Greenbushes,Pegmatite,GB04C_01,119Sn,<108.05,202.07,2857.72,109.61,4424.08,<0.049,417.57,1742.61,1653091,298.06,0.0031,0.0115,<0.0065,<0.048,0.0149,<0.0065,3.22,0.51,<0.0275,<0.00299,<0.0120,<0.0071,<0.0194,0.0048,367.58,27723.1,2.06,0.477,0.0099,<0.0184,1.068,61.6,28.72,361.25,13.84,600.97,0.023,26.7,107.16,77596.17,17.53,0.0018,0.0043,0.0031,0.015,0.0086,0.0037,0.17,0.026,0.0096,0.00092,0.0077,0.0023,0.0081,0.0017,12.25,876.7,0.13,0.031,0.0029,0.0062,0.048,108.05,0.704,1.87,1.11,44.21,0.049,0.109,0.0149,0.28,0.265,<0.00000,0.00607,0.00651,0.0481,<0.00000,0.00651,0.0296,0.0043,0.0275,0.00299,0.012,0.00711,0.0194,<0.00000,0.00937,<0.00000,<0.00000,0.013,<0.00000,0.0184,0.00428,0,20742,18034,11189,9462,11,67534,523659,91268056,45493,2,8,2,0,2,2,486,530,0,0,3,0,0,5,123900,29817916,271,259,8,0,1365
#169506,GB04,Greenbushes,Pegmatite,GB04C_02,119Sn,<145.23,407.4,3710.85,157.07,6482.3,<0.061,491.52,2886.13,1941601,508.68,0.0091,0.0087,<0.039,0.019,<0.030,0.0066,3.58,0.58,0.029,<0.0041,<0.040,<0.00,<0.027,0.0038,453.75,40975.44,3.19,0.435,0.0201,0.0123,1.898,93.81,57.88,468.96,19.82,879.8,0.026,31.42,177.46,91138.66,29.89,0.0031,0.0029,0.013,0.011,0.011,0.0031,0.19,0.029,0.013,0.0021,0.015,<0.00,0.012,0.0015,15.11,1295.78,0.18,0.029,0.0046,0.0027,0.079,145.23,0.944,2.38,1.5,55.61,0.0608,0.171,<0.00000,0.351,0.0284,<0.00000,<0.00000,0.0389,<0.00000,0.0297,<0.00000,0.125,<0.00000,0.0218,0.00409,0.0403,<0.00000,0.0266,<0.00000,0.0182,0.00805,<0.00000,<0.00000,0.00494,<0.00000,<0.00000,0,33710,18876,12924,11175,14,64076,699081,86406592,62582,5,5,0,1,0,2,436,486,4,2,0,0,1,3,123281,35524168,339,190,14,12,1956
#169506,GB04,Greenbushes,Pegmatite,GB04C_03,119Sn,<35.51,31.99,689.63,34.51,1264.98,<0.0132,181.91,451.73,528774.06,30.19,<0.0021,<0.00199,<0.0168,<0.0158,<0.00,0.0025,0.942,0.1643,0.0031,<0.0090,<0.0056,<0.00153,0.0108,0.00081,126.59,7857.82,1.282,0.0218,<0.0026,0.00164,0.427,20.71,4.55,87.2,4.36,171.85,0.0061,11.63,27.78,24820.68,1.78,0.0011,0.00085,0.0063,0.0066,<0.00,0.001,0.05,0.0082,0.0018,0.003,0.002,0.00056,0.0045,0.00038,4.22,248.49,0.065,0.0035,0.0013,0.00073,0.018,35.51,0.225,0.569,0.353,14.58,0.0132,0.0379,0.012,0.441,0.00961,0.00209,0.00199,0.0168,0.0158,<0.00000,<0.00000,0.0137,0.00173,<0.00000,0.00898,0.00558,0.00153,0.00636,<0.00000,0.00616,<0.00000,<0.00000,0.00468,0.00265,0.00121,<0.00000,0,10245,13576,10989,8440,11,91781,423465,91072696,14372,3,0,0,0,0,3,444,532,1,0,0,0,5,2,133112,26365356,528,36,6,6,1703
#169506,GB04,Greenbushes,Pegmatite,GB04C_04,119Sn,<48.19,20.96,1212.32,51.49,1799.2,<0.0202,248.44,567.92,680562.5,68.11,<0.0050,<0.0020,0.0026,0.0199,<0.0140,0.0708,1.218,0.205,0.0091,<0.028,<0.0134,<0.0166,<0.0153,<0.0144,151.23,11645.47,1.779,0.0246,0.1493,0.0029,0.624,24.49,2.99,153.25,6.5,244.43,0.0085,15.88,34.92,31945.64,4.01,0.0017,0.0012,0.0013,0.0073,0.0061,0.0071,0.067,0.011,0.0037,0.012,0.0046,0.0061,0.0047,0.0049,5.04,368.27,0.091,0.0041,0.009,0.0015,0.027,48.19,0.305,0.854,0.5,19.28,0.0202,0.0527,0.00959,0.152,0.0189,0.00502,0.00196,0.0021,<0.00000,0.014,<0.00000,<0.00000,0.0072,<0.00000,0.0276,0.0134,0.0166,0.0153,0.0144,0.00427,0.00268,<0.00000,0.00375,0.00329,0.00291,<0.00000,0,4956,17620,12106,8862,1,92540,393045,86536752,23941,0,2,5,5,0,79,423,491,4,0,0,0,0,0,117401,28847154,541,30,301,8,1839
#169506,GB04,Greenbushes,Pegmatite,GB04C_05,119Sn,<37.79,77.51,967.27,53.28,1719.57,<0.0176,204.67,616.06,515286.69,200.13,0.00206,<0.0031,0.027,<0.0143,<0.0137,<0.00,0.936,0.1713,<0.0116,<0.00,<0.0062,<0.00,<0.00,<0.00,132.81,11716.1,4.84,0.322,0.421,0.0152,0.688,19.96,11.01,122.24,6.72,233.39,0.0069,13.08,37.88,24187.53,11.75,0.00076,0.0012,0.0027,0.0053,0.0048,<0.00,0.049,0.0084,0.0038,<0.00,0.0023,<0.00,<0.00,<0.00,4.42,370.5,0.2,0.016,0.018,0.0017,0.028,37.79,0.24,0.659,0.389,14.34,0.0176,0.0434,0.00543,0.114,0.02,<0.00000,0.00314,0.00206,0.0143,0.0137,<0.00000,0.0108,0.00111,0.0116,<0.00000,0.0062,<0.00000,<0.00000,<0.00000,0.00593,0.00152,<0.00000,0.00368,0.00186,0.00095,<0.00000,0,24076,18470,16458,11128,0,100158,560170,86084152,92427,4,0,79,0,0,0,428,539,0,0,0,0,0,0,135454,38130348,1936,530,1115,55,2662
#169508,GB04,Greenbushes,Pegmatite,GB04F_01,119Sn,<55.91,78.33,2105.82,59.99,2353.87,<0.0244,590.16,1530.85,804081.75,8.16,<0.0033,<0.0227,0.00189,<0.035,<0.00,<0.054,1.371,0.244,<0.0116,<0.0194,<0.0062,<0.00278,0.0131,<0.00287,223.32,12095.75,13.7,0.395,0.0141,0.0064,3.2,30.44,11.13,266.06,7.57,319.59,0.0096,37.7,94.13,37743.63,0.5,0.0016,0.0078,0.00078,0.012,<0.00,0.02,0.073,0.012,0.0045,0.007,0.0028,0.00092,0.0064,0.001,7.44,382.51,0.53,0.021,0.0026,0.0016,0.12,55.91,0.356,1.07,0.553,22.88,0.0244,0.0525,0.0109,0.173,<0.00000,0.00329,0.0227,<0.00000,0.0352,<0.00000,0.054,<0.00000,0.00157,0.0116,0.0194,0.00621,0.00278,0.01,0.00287,0.0097,0.00215,<0.00000,0.00521,0.00323,0.00233,<0.00000,0,15917,26308,12122,9966,0,188950,910678,87883560,2464,2,0,3,0,0,0,410,501,0,0,0,0,4,0,149018,25754528,3585,424,24,15,8094
#169508,GB04,Greenbushes,Pegmatite,GB04F_02,119Sn,<44.97,115.65,1894.13,136.66,3410.76,<0.0230,656.62,2587.92,664292.5,31.06,0.00058,<0.0025,<0.00135,0.0036,<0.0090,<0.00,1.255,0.205,<0.0066,<0.00175,<0.0086,0.00034,<0.0160,0.00142,228.1,18699.85,18.22,0.1339,0.317,0.0335,4.24,25.15,16.43,239.31,17.22,462.66,0.0088,41.95,159.11,31181.84,1.84,0.00047,0.001,0.0008,0.0029,0.0036,<0.00,0.066,0.01,0.0035,0.00062,0.0034,0.00028,0.0067,0.00058,7.59,591.35,0.7,0.0096,0.015,0.0031,0.16,44.97,0.296,0.902,0.462,18.03,0.023,0.062,<0.00000,0.138,0.021,<0.00000,0.00251,0.00135,<0.00000,0.00896,<0.00000,<0.00000,<0.00000,0.00656,0.00175,0.0086,<0.00000,0.016,<0.00000,0.00387,0.0103,<0.00000,0.0034,0.00258,0.00186,0.00228,0,28714,28911,33741,17643,0,256854,1880948,88707280,11467,0,0,2,0,0,0,458,515,1,0,0,0,0,3,185960,48646476,5824,176,671,98,13107
#169508,GB04,Greenbushes,Pegmatite,GB04F_03,119Sn,<46.94,125.3,2151.89,122.75,3740.09,<0.030,638.97,2935.46,658713.06,5.7,<0.00,0.00213,0.0028,<0.0210,0.0054,<0.0040,1.108,0.204,0.0039,<0.00,<0.0052,<0.0037,0.0168,<0.00209,200.9,19194.27,23.79,0.0372,0.0086,0.0125,5.41,26.13,17.8,271.85,15.47,507.26,0.011,40.82,180.48,30919.94,0.35,<0.00,0.00087,0.0013,0.0086,0.0031,0.0012,0.06,0.01,0.0023,<0.00,0.0029,0.0012,0.0052,0.00094,6.69,606.98,0.9,0.0049,0.0019,0.0018,0.21,46.94,0.307,0.755,0.479,18.62,0.0296,0.19,0.00647,0.165,<0.00000,<0.00000,<0.00000,0.00246,0.021,<0.00000,0.00401,0.0182,<0.00000,<0.00000,<0.00000,0.00523,0.0037,<0.00000,0.00209,0.00577,<0.00000,0.0147,0.00506,0.00222,0.00113,0.00152,0,31011,32741,30210,19285,0,249149,2126738,87681536,2097,0,3,6,0,1,0,403,510,1,0,2,0,6,1,163265,49773360,7581,48,18,36,16690
#169508,GB04,Greenbushes,Pegmatite,GB04F_04,119Sn,<60.67,141.31,2577.64,271.08,4069.68,<0.024,791.29,3362.66,830305.31,55.91,<0.0049,<0.028,0.006,0.047,<0.0236,0.004,1.613,0.253,<0.031,0.00046,0.0104,<0.0132,<0.0182,0.0028,245.92,21551.62,34.75,0.192,0.1634,0.0727,7.37,39.92,20.08,325.64,34.16,552.05,0.01,50.55,206.75,38974.47,3.3,0.002,0.011,0.0014,0.012,0.0078,0.0016,0.083,0.013,0.011,0.00037,0.0045,0.0045,0.0085,0.0011,8.19,681.53,1.31,0.013,0.0097,0.0052,0.28,60.67,0.391,1.09,0.586,23.45,0.0236,0.0629,0.00809,0.197,0.0195,0.00489,0.0282,<0.00000,<0.00000,0.0236,<0.00000,<0.00000,<0.00000,0.0311,<0.00000,0.00653,0.0132,0.0182,0.00151,0.00883,<0.00000,0.0184,0.00632,0.00196,0.00283,<0.00000,0,27320,30636,52117,16393,10,241028,1903127,86337008,16072,0,0,10,10,0,3,459,495,0,0,5,0,2,6,156114,43656864,8650,196,269,166,17760
#169508,GB04,Greenbushes,Pegmatite,GB04F_05,119Sn,<56.16,148.89,2382.71,574.8,3967.35,<0.025,779.16,3294.97,788652.69,396.5,0.0034,0.0045,0.00246,<0.0194,<0.00,<0.0032,1.275,0.261,<0.0078,<0.00,<0.00,<0.00188,<0.036,<0.0019,243.19,23458.68,40.85,0.139,0.0959,0.0435,8.5,40.5,21.15,301.03,72.41,538.17,0.01,49.77,202.59,37019.29,23.28,0.0012,0.0014,0.0009,0.0069,<0.00,0.0019,0.071,0.013,0.0031,<0.00,<0.00,0.00081,0.013,0.001,8.1,741.84,1.53,0.01,0.0068,0.0038,0.33,56.16,0.335,0.857,0.537,21.68,0.0255,0.0626,0.0104,0.179,0.0251,<0.00000,<0.00000,<0.00000,0.0194,<0.00000,0.00322,0.0253,0.00368,0.00785,<0.00000,<0.00000,0.00188,0.0358,0.00194,0.00655,0.0186,<0.00000,<0.00000,<0.00000,0.00182,0.00244,0,30206,29717,115964,16769,0,249041,1956836,86052392,119604,4,6,4,0,0,2,380,537,0,0,0,0,0,3,161999,49864820,10671,149,166,104,21489
#169508,GB04,Greenbushes,Pegmatite,GB04F_06,119Sn,<27.69,26.17,899.52,32.03,892.47,<0.0143,228.17,582.02,436411.41,6.71,<0.0028,<0.00156,0.00191,<0.00,<0.00,<0.00,0.836,0.1351,0.0019,<0.00,<0.0093,<0.00,<0.0071,<0.00,105,5368.04,3.49,0.1293,0.0048,0.008,0.889,18.01,3.73,113.72,4.05,121.45,0.0064,14.58,35.79,20485.27,0.41,0.0012,0.00048,0.0007,<0.00,<0.00,<0.00,0.048,0.0075,0.0015,<0.00,0.0031,<0.00,0.0034,<0.00,3.5,169.76,0.15,0.0091,0.0013,0.0013,0.036,27.69,0.177,0.562,0.273,10.61,0.0143,0.031,0.00383,0.0908,0.0119,0.00284,0.00156,<0.00000,<0.00000,<0.00000,<0.00000,0.00538,<0.00000,<0.00000,<0.00000,0.00928,<0.00000,0.00705,<0.00000,0.00341,0.00888,0.0087,0.00367,0.00131,<0.00000,<0.00000,0,10956,23149,13334,7783,0,150482,713225,98255728,4177,0,0,7,0,0,0,515,572,1,0,0,0,0,0,144328,23544578,1879,286,17,39,4635
#169517,MY03,Moolyella,Pegmatite,MY03_01,119Sn,<59.88,2.04,553.81,203.62,7114.04,0.384,1654.17,6672.14,744349.63,0.479,<0.0077,0.0051,0.0028,<0.024,<0.0187,<0.0040,1.395,0.228,<0.084,0.0106,0.0427,0.0175,0.373,0.0604,417.91,25507.01,11.34,0.0102,<0.0031,<0.00159,16.15,27.24,0.34,70.15,25.66,964.57,0.033,105.66,410.22,34939.72,0.045,0.0036,0.0016,0.001,0.012,0.0078,0.0018,0.078,0.012,0.034,0.0019,0.0093,0.0026,0.032,0.0049,13.9,806.61,0.45,0.0033,0.0012,0.00071,0.62,59.88,0.401,0.914,0.681,26.16,0.0293,0.0693,<0.00000,0.191,0.0282,0.00774,<0.00000,<0.00000,0.0239,0.0187,0.00396,0.022,0.00262,0.0843,<0.00000,0.0127,0.00231,0.0167,0.00239,0.00571,0.00358,0.0206,0.00501,0.0031,0.00159,0.0243,0,391,6515,38753,28366,244,498771,3738020,76617472,136,7,6,5,3,0,0,392,442,0,21,20,38,113,128,262620,51147444,2795,10,0,0,38511
#169517,MY03,Moolyella,Pegmatite,MY03_02,119Sn,<50.14,1.65,471.99,171.12,6148.44,0.405,1448.02,5967.05,639894.19,0.385,0.0024,0.00263,<0.00,<0.00,0.0118,<0.00,1.125,0.204,0.0189,0.0073,0.0425,0.0153,0.278,0.0561,368.41,21984.24,10.75,0.0049,0.00044,0.00096,14.73,25.58,0.28,59.75,21.56,833.55,0.032,92.49,366.87,30036.57,0.035,0.0013,0.00097,<0.00,<0.00,0.0063,<0.00,0.061,0.01,0.0081,0.0014,0.0075,0.0021,0.023,0.004,12.25,695.21,0.42,0.0023,0.00036,0.00045,0.56,50.14,0.332,0.989,0.536,20.64,0.0241,0.0606,<0.00000,0.154,0.0211,0.00229,<0.00000,<0.00000,<0.00000,0.0111,<0.00000,0.0151,<0.00000,0.0162,<0.00000,0.00866,0.00237,<0.00000,<0.00000,0.00478,0.0168,<0.00000,0.00419,<0.00000,<0.00000,0.0143,0,376,6627,38866,29257,307,521048,3989497,78603400,130,3,4,0,0,3,0,378,472,8,17,24,39,100,142,276291,52608756,3162,5,0,2,41916
#169517,MY03,Moolyella,Pegmatite,MY03_03,119Sn,<63.18,2.04,577.82,210.44,7461.18,0.526,1788.13,7585.13,777083.19,0.426,0.0027,<0.0028,<0.0213,<0.0178,0.013,<0.0042,1.393,0.247,0.056,0.0121,0.0547,0.0193,0.313,0.0608,438.33,25551.16,13.74,<0.0053,<0.0046,0.00171,19,34.88,0.34,73.15,26.52,1011.53,0.041,114.21,466.35,36476.21,0.039,0.0011,0.0015,0.0073,0.0064,0.0053,0.0015,0.074,0.012,0.01,0.0024,0.0089,0.0024,0.027,0.0046,14.58,808.01,0.54,0.0027,0.0018,0.00094,0.73,63.18,0.424,1.06,0.678,26.55,0.0308,0.0781,<0.00000,0.237,0.0133,<0.00000,0.00275,0.0213,0.0178,<0.00000,0.00417,<0.00000,<0.00000,0.0102,0.00331,0.00769,<0.00000,<0.00000,0.00177,0.006,0.0628,<0.00000,0.00526,0.00462,0.00167,<0.00000,0,381,6643,39138,29072,327,526879,4152675,78164080,118,3,2,0,0,3,0,383,468,20,23,26,41,93,126,269174,50068412,3308,4,0,3,44281
#169517,MY03,Moolyella,Pegmatite,MY03_04,119Sn,<63.73,1.67,529,173.26,6457.53,0.441,1618.98,6668.02,754962,0.415,<0.033,<0.0048,<0.0030,<0.031,<0.0140,0.0022,1.356,0.239,0.0381,0.0097,0.0527,0.0161,0.319,0.0523,401.39,21940.09,10.24,0.001,<0.0033,0.00089,16.72,38.75,0.3,67.02,21.84,875.63,0.037,103.41,409.96,35437.88,0.041,0.011,0.0017,0.0013,0.012,0.0061,0.0013,0.076,0.013,0.0084,0.0019,0.0093,0.0023,0.031,0.0044,13.35,693.82,0.41,0.00082,0.0013,0.00052,0.64,63.73,0.429,1.25,0.657,26.4,0.0332,0.0873,0.00959,0.181,0.0298,0.0327,0.0048,0.00297,0.031,0.014,<0.00000,0.0191,<0.00000,<0.00000,<0.00000,0.00775,<0.00000,0.0279,<0.00000,0.0105,<0.00000,<0.00000,<0.00000,0.00329,<0.00000,<0.00000,0,310,6038,31992,24982,272,473633,3624532,75397144,114,0,0,1,0,0,1,370,449,13,18,25,34,94,107,244733,42685636,2449,0,0,1,38684
#169517,MY03,Moolyella,Pegmatite,MY03_05,119Sn,<59.69,1.85,529.6,170.91,6428.8,0.448,1599.01,6513.97,766609.19,0.454,0.312,0.278,0.0577,0.155,<0.027,<0.0040,1.336,0.263,0.0397,0.0058,0.0449,<0.0126,0.308,0.0607,402.44,22452.18,10.42,0.13,0.0023,0.0927,15.64,28.45,0.32,67.06,21.54,871.64,0.036,102.13,400.49,35984.57,0.04,0.017,0.015,0.0049,0.023,0.012,0.0018,0.072,0.013,0.008,0.0018,0.008,0.0045,0.026,0.0046,13.39,710.01,0.41,0.0098,0.0013,0.0058,0.6,59.69,0.401,0.928,0.667,24.71,0.0297,0.0616,<0.00000,0.142,<0.00000,0.00481,0.00376,0.00201,0.0243,0.0268,0.00402,0.0129,<0.00000,<0.00000,0.0032,0.00742,0.0126,<0.00000,0.00242,0.00819,0.00257,<0.00000,<0.00000,0.00223,<0.00000,<0.00000,0,357,6306,32921,25945,288,488001,3693758,79867760,130,413,385,105,33,4,1,381,516,14,11,22,0,94,130,255973,45568996,2598,133,3,212,37750
#169517,MY03,Moolyella,Pegmatite,MY03_06,119Sn,<53.16,1.44,508.2,176.98,6343.91,0.416,1517.36,6476.65,687442.94,0.423,0.01,0.0104,0.0048,<0.0150,<0.0166,<0.0061,1.295,0.213,0.069,0.0072,0.0372,0.0185,0.34,0.0534,382.04,22717.05,10.76,0.009,0.00243,0.0007,16.23,27.71,0.26,64.34,22.3,860.08,0.033,96.92,398.2,32268.51,0.038,0.0026,0.002,0.0016,0.0063,0.007,0.002,0.069,0.011,0.01,0.0017,0.0065,0.0022,0.027,0.0041,12.71,718.38,0.42,0.0025,0.00089,0.00041,0.62,53.16,0.355,0.717,0.565,21.47,0.024,0.0635,<0.00000,0.196,0.0194,0.00422,<0.00000,0.00249,0.015,0.0166,0.0061,0.0113,0.00233,<0.00000,0.00229,<0.00000,<0.00000,<0.00000,0.00212,0.00718,0.00779,<0.00000,0.00315,<0.00000,<0.00000,0.0151,0,310,6721,37866,28437,297,514352,4079215,79549496,135,14,16,9,0,0,0,410,463,28,16,20,45,116,127,269904,51211340,2980,10,4,1,43506
#169517,MY03,Moolyella,Pegmatite,MY03_07,119Sn,<55.08,2.13,572.42,205.65,7354.88,0.565,1712.83,7238.31,747778.38,0.706,0.0077,0.0039,0.003,<0.034,<0.0120,<0.0036,1.217,0.227,0.065,0.0104,0.0606,0.0242,0.337,0.0646,428.97,26054.41,13.99,0.0119,<0.034,<0.0069,18.61,27.1,0.35,72.47,25.91,997.14,0.043,109.4,445.03,35100.65,0.057,0.0024,0.0013,0.001,0.012,0.0037,0.0016,0.068,0.012,0.011,0.0022,0.0089,0.0029,0.028,0.0048,14.27,823.92,0.55,0.0044,0.013,0.0024,0.71,55.08,0.373,1.04,0.586,26.07,0.0257,0.065,<0.00000,0.135,0.0162,0.00353,<0.00000,<0.00000,0.0345,0.012,0.00361,<0.00000,0.00292,0.00881,0.00287,<0.00000,0.00258,<0.00000,0.00154,<0.00000,0.0453,<0.00000,0.00853,0.0336,0.00693,0.0219,0,435,7195,41813,31331,384,551758,4332381,82231224,214,10,5,5,0,0,0,366,471,25,22,31,56,109,146,287996,55815988,3682,12,0,0,47406
#169517,MY03,Moolyella,Pegmatite,MY03_08,119Sn,<59.67,2.04,551.19,305.58,7458.49,0.539,1686.08,7466.18,730961.5,0.504,<0.0072,0.013,0.0042,0.09,0.0183,0.0523,1.203,0.241,0.059,0.0131,0.039,0.022,0.392,0.0587,428.51,26592.98,13.58,0.0183,<0.055,<0.0120,19.16,31.63,0.34,69.81,38.5,1011.22,0.043,107.69,459.04,34311.28,0.046,0.0031,0.0026,0.0015,0.02,0.0067,0.0066,0.07,0.013,0.01,0.0025,0.0099,0.003,0.032,0.0047,14.26,840.95,0.53,0.0038,0.025,0.0048,0.73,59.67,0.38,0.957,0.603,23.8,0.0306,0.0501,0.0127,0.162,0.0177,0.00719,<0.00000,0.00197,0.0238,<0.00000,0.00393,0.0179,0.00184,<0.00000,0.00313,0.0162,0.00325,<0.00000,0.00168,0.00801,0.00251,0.0204,0.00351,0.0553,0.012,0.00149,0,392,6530,58563,29948,345,511951,4212137,75765784,144,2,18,7,19,5,47,341,470,22,25,19,48,119,125,271166,53698128,3371,18,0,0,46018
#169517,MY03,Moolyella,Pegmatite,MY03_10,119Sn,<137.50,<0.92,795.57,91,4309.49,0.505,2175.58,3963.27,2016662.75,1.17,3.42,4.18,0.428,1.47,0.256,0.0057,3.38,0.57,0.046,0.0125,0.051,0.0127,0.117,0.0194,669.28,13587.85,3.96,1.921,0.0519,0.525,8.81,77.05,0.41,101.02,11.51,585.95,0.053,138.98,243.69,94663.08,0.11,0.15,0.18,0.026,0.12,0.041,0.0033,0.19,0.03,0.02,0.0041,0.015,0.0035,0.028,0.004,22.28,429.71,0.22,0.09,0.0076,0.027,0.35,137.5,0.916,2.38,1.45,55.71,0.0508,0.169,0.0204,0.702,0.0402,<0.00000,<0.00000,0.00773,<0.00000,<0.00000,<0.00000,0.0574,<0.00000,0.0308,0.00579,0.0165,0.00368,0.0266,<0.00000,0.0257,0.066,<0.00000,<0.00000,<0.00000,<0.00000,0.00339,0,74,4045,7485,7426,138,283515,959641,89714664,144,1935,2476,334,134,29,2,411,477,7,10,10,12,15,17,181774,11775906,422,841,36,513,9082
